Dato;1;2;3;3B;4;5;6;7;8;9;10;11;12;13;14;15;16;17;18;19;20;21;22;23;24;Date;Dï¿½gnpris;;;;;;;
01.01.2021;260,59;254,32;250,46;;247,74;247,85;251,29;255,26;260,38;260,07;261,84;267,69;270,72;272,91;277,51;285,13;298,82;306,55;306,02;301,01;295,06;285,34;281,79;276,15;267,80;01.01.2021;272,60;;;;;;;
02.01.2021;267,27;260,17;258,40;;257,56;258,19;260,28;267,59;273,54;278,87;280,85;289,31;293,39;290,77;290,77;291,51;293,28;301,32;302,16;297,98;297,77;285,97;281,58;280,43;270,93;02.01.2021;280,41;;;;;;;
03.01.2021;263,93;256,83;249,21;;246,18;245,34;249,10;251,19;259,02;260,80;267,90;271,56;272,29;270,20;269,78;271,77;276,78;292,97;297,98;294,22;291,61;287,85;282,42;273,44;260,28;03.01.2021;269,28;;;;;;;
04.01.2021;257,56;251,19;249,41;;250,98;256,73;269,89;294,64;322,21;513,87;522,43;578,63;590,43;543,85;590,43;605,68;601,71;627,40;681,19;622,39;433,76;393,55;363,68;323,26;285,66;04.01.2021;434,61;;;;;;;
05.01.2021;290,23;286,47;282,61;;283,23;290,02;311,10;373,40;486,21;626,16;627,41;638,47;651,83;641,61;650,06;645,88;652,35;670,62;678,97;492,68;467,64;425,58;413,27;334,58;304,84;05.01.2021;480,22;;;;;;;
06.01.2021;312,39;300,76;294,38;;293,01;294,90;303,70;321,71;372,19;410,30;438,58;482,46;474,08;483,92;495,86;537,33;574,93;611,58;627,60;582,99;526,23;417,22;418,16;405,28;340,35;06.01.2021;430,00;;;;;;;
07.01.2021;447,02;424,40;406,66;;412,78;428,34;472,55;548,50;703,53;876,09;870,17;855,44;892,28;878,99;853,88;815,80;846,41;930,56;1036,72;878,06;807,19;671,67;605,47;600,18;525,36;07.01.2021;699,50;;;;;;;
08.01.2021;511,30;491,28;474,69;;461,52;473,76;521,87;618,41;802,35;1073,61;1117,78;1112,80;1081,07;1035,97;987,85;961,41;989,41;985,06;1140,59;1036,38;830,76;637,49;616,23;582,95;523,43;08.01.2021;794,50;;;;;;;
09.01.2021;490,57;485,01;479,23;;491,50;495,32;492,53;497,58;537,80;599,14;666,88;676,47;679,36;669,87;624,30;599,45;599,45;627,19;710,08;718,54;678,12;514,80;494,39;448,20;377,78;09.01.2021;568,90;;;;;;;
10.01.2021;401,89;372,19;355,43;;350,46;350,15;353,98;352,12;389,16;404,47;421,75;456,93;469,14;463,14;458,79;470,28;482,90;524,81;568,58;551,92;511,05;480,42;460,35;414,61;371,26;10.01.2021;434,82;;;;;;;
11.01.2021;420,10;409,65;390,92;;366,60;385,85;428,48;442,65;520,88;592,38;513,43;492,22;461,90;448,34;440,89;435,10;437,79;447,83;465,42;444,21;410,89;383,98;354,29;343,63;292,41;11.01.2021;430,41;;;;;;;
12.01.2021;270,78;263,23;258,05;;261,36;289,83;362,60;415,49;564,23;627,68;568,89;584,83;572,82;518,59;497,37;497,26;538,36;632,03;663,71;625,20;522,21;432,57;421,39;390,75;358,35;12.01.2021;464,07;;;;;;;
13.01.2021;342,50;336,28;327,47;;319,80;328,51;381,70;434,17;479,17;582,14;494,73;479,38;454,39;427,43;415,19;409,28;426,91;476,06;575,40;565,24;498,77;488,82;423,91;414,99;394,35;13.01.2021;436,52;;;;;;;
14.01.2021;385,20;381,17;381,89;;407,30;435,39;468,23;567,78;840,00;939,76;921,89;925,61;940,27;916,52;899,48;867,26;825,75;861,48;1039,62;931,08;905,68;770,19;647,92;617,76;574,18;14.01.2021;727,14;;;;;;;
15.01.2021;505,35;489,98;476,87;;467,38;479,35;514,53;649,69;823,96;997,08;1033,40;935,69;897,31;817,66;790,73;795,89;794,24;846,04;1026,59;1011,32;980,27;796,51;693,13;646,08;554,05;15.01.2021;750,96;;;;;;;
16.01.2021;547,92;533,05;514,79;;500,03;496,31;488,68;495,38;530,78;608,60;660,10;637,70;641,21;550,08;506,63;505,39;522,73;610,15;670,94;685,28;658,04;566,18;546,78;535,84;497,14;16.01.2021;562,91;;;;;;;
17.01.2021;482,82;465,48;467,24;;467,14;460,91;460,39;470,88;482,93;492,27;496,01;568,61;603,19;531,63;548,56;518,76;555,42;629,36;696,35;747,76;664,46;648,57;577,02;541,40;487,08;17.01.2021;544,34;;;;;;;
18.01.2021;455,40;460,80;458,31;;461,84;465,58;482,09;557,91;774,03;819,62;785,66;744,33;648,68;604,44;580,65;597,89;596,02;566,43;622,51;572,03;534,02;487,81;473,89;446,06;392,88;18.01.2021;566,20;;;;;;;
19.01.2021;381,90;373,48;361,01;;373,69;381,38;396,35;430,12;485,09;573,11;566,36;547,96;566,36;542,56;541,52;544,22;533,52;539,24;568,44;548,17;471,69;430,33;413,08;380,97;324,54;19.01.2021;469,80;;;;;;;
20.01.2021;313,81;293,84;282,15;;276,98;298,50;330,16;369,37;403,72;426,79;402,48;393,27;392,65;392,34;381,17;380,75;393,06;406,93;470,87;418,10;404,86;369,27;333,05;305,12;263,94;20.01.2021;362,63;;;;;;;
21.01.2021;256,60;239,15;215,30;;206,21;222,11;253,81;283,66;364,71;384,44;364,40;340,86;344,68;347,88;364,92;374,01;378,03;391,67;408,08;384,33;368,74;330,54;310,61;283,24;256,70;21.01.2021;319,78;;;;;;;
22.01.2021;256,98;216,83;184,06;;129,36;207,82;275,83;322,13;376,51;425,17;405,81;395,57;383,68;372,72;366,99;361,25;360,33;365,76;370,98;363,30;341,59;300,41;287,10;279,42;277,67;22.01.2021;317,80;;;;;;;
23.01.2021;293,62;301,58;307,78;;313,25;322,86;333,19;351,17;358,50;366,77;374,00;385,67;390,01;391,46;392,39;394,77;409,85;583,63;636,21;651,19;595,71;423,69;403,34;386,19;376,89;23.01.2021;405,99;;;;;;;
24.01.2021;390,61;391,02;390,09;;390,71;393,19;399,58;405,88;419,39;459,51;505,31;530,58;560,49;534,91;474,36;457,34;473,74;536,35;639,29;670,44;648,89;611,65;566,27;535,32;454,46;24.01.2021;493,31;;;;;;;
25.01.2021;469,31;430,73;425,16;;418,36;426,61;470,96;638,98;722,02;779,98;821,76;773,07;744,71;711,91;691,07;679,83;680,86;694,68;757,70;737,49;671,16;644,86;569,98;516,96;418,15;25.01.2021;620,68;;;;;;;
26.01.2021;439,40;436,72;435,48;;431,15;454,78;513,91;604,31;730,10;763,13;740,22;762,71;743,00;722,37;680,16;684,49;703,27;709,47;760,86;726,08;651,68;624,23;566,85;526,81;464,69;26.01.2021;619,83;;;;;;;
27.01.2021;473,79;456,58;441,75;;431,07;437,50;466,53;531,32;643,19;692,43;685,49;678,75;683,62;681,96;679,47;682,58;685,90;683,21;706,74;730,69;663,40;618,31;577,98;550,50;501,67;27.01.2021;599,35;;;;;;;
28.01.2021;489,04;468,80;457,32;;442,40;455,34;463,37;558,43;662,98;756,67;718,17;706,28;667,78;633,76;626,87;621,87;591,71;595,16;835,45;681,97;633,34;580,86;556,13;532,34;474,85;28.01.2021;592,12;;;;;;;
29.01.2021;448,63;428,98;413,54;;407,35;413,65;450,10;495,47;683,71;770,89;769,73;722,26;667,42;583,71;554,40;513,12;532,45;584,23;697,99;638,54;623,73;570,79;525,52;482,13;449,47;29.01.2021;559,49;;;;;;;
30.01.2021;437,54;417,48;403,63;;392,37;393,61;407,35;429,58;448,08;498,83;596,71;597,54;597,23;569,84;523,02;496,04;496,66;584,83;626,17;637,23;616,25;545,55;485,39;485,60;437,23;30.01.2021;505,16;;;;;;;
31.01.2021;437,15;425,72;420,84;;410,35;410,87;421,98;424,06;428,94;465,92;510,59;527,01;531,27;523,27;482,34;477,35;497,82;549,76;669,64;663,62;647,72;602,43;533,35;511,95;471,22;31.01.2021;501,88;;;;;;;
01.02.2021;442,03;425,72;425,31;;415,75;423,44;476,94;617,28;1557,76;2077,08;1722,31;1304,17;697,90;686,06;689,28;814,98;894,24;1454,60;2077,08;1236,54;732,08;647,10;585,50;573,96;513,19;01.02.2021;895,43;;;;;;;
02.02.2021;479,17;467,95;452,79;;440,84;456,84;478,76;648,80;1210,13;1581,48;1240,57;1039,57;693,57;664,69;650,04;669,26;672,58;819,98;927,39;685,67;624,39;531,73;505,24;483,43;436,06;02.02.2021;702,54;;;;;;;
03.02.2021;401,00;388,98;380,69;;382,55;401,00;427,33;466,82;712,14;879,32;766,66;879,74;638,04;620,73;610,68;518,95;507,96;570,57;713,91;565,49;527,14;453,03;433,13;416,13;382,76;03.02.2021;543,53;;;;;;;
04.02.2021;361,98;356,91;351,52;;357,94;382,91;409,42;500,46;649,50;878,91;829,51;878,81;621,74;610,97;622,05;655,61;656,34;689,38;1045,46;924,90;699,21;623,50;561,57;541,27;478,71;04.02.2021;612,02;;;;;;;
05.02.2021;470,99;454,87;436,57;;425,82;428,92;452,07;770,92;1762,72;2067,31;2038,37;1862,66;719,97;666,43;667,67;670,98;663,85;697,34;922,13;744,98;608,45;528,14;515,64;501,17;450,42;05.02.2021;813,68;;;;;;;
06.02.2021;419,85;412,42;405,29;;398,90;401,68;411,90;420,77;432,13;442,96;516,24;574,35;548,65;517,17;498,59;481,25;482,91;495,81;641,23;602,11;494,46;438,22;428,21;420,16;409,01;06.02.2021;470,59;;;;;;;
07.02.2021;411,50;396,90;390,01;;380,24;383,01;395,15;392,17;398,03;416,95;426,11;428,99;429,81;428,88;425,80;419,83;421,07;432,59;460,36;469,51;453,36;429,30;427,44;419,22;399,37;07.02.2021;418,15;;;;;;;
08.02.2021;412,02;405,43;401,12;;403,69;416,75;459,23;474,65;690,64;846,87;822,90;719,02;668,73;639,73;605,17;515,07;579,25;580,18;771,38;718,92;649,39;571,43;512,50;492,96;463,03;08.02.2021;575,84;;;;;;;
09.02.2021;478,93;477,08;476,77;;472,46;476,05;492,16;596,71;857,51;1127,24;892,60;840,79;774,72;734,70;720,85;721,98;736,86;746,61;1127,65;1173,11;767,43;705,67;595,17;571,16;513,91;09.02.2021;711,59;;;;;;;
10.02.2021;528,49;508,48;496,17;;487,45;489,29;504,89;615,72;821,47;970,79;1012,04;961,34;906,34;820,86;778,99;769,24;781,86;822,81;966,17;1127,38;903,98;751,79;658,72;601,87;545,32;10.02.2021;742,98;;;;;;;
11.02.2021;569,41;543,72;528,68;;512,10;511,89;587,52;743,38;1743,63;2442,81;2023,94;1319,55;979,17;844,29;767,43;832,01;897,30;1142,09;2018,00;1590,33;1016,32;779,41;653,22;604,82;549,45;11.02.2021;1008,35;;;;;;;
12.02.2021;524,14;504,02;505,35;;494,26;490,46;515,11;645,81;1748,50;2566,59;2035,16;1211,22;801,05;729,38;610,69;603,81;597,14;674,86;749,40;820,86;720,14;628,97;569,62;554,53;498,37;12.02.2021;824,98;;;;;;;
13.02.2021;494,81;485,24;484,00;;469,18;459,91;467,53;470,62;503,04;617,82;664,34;645,09;604,33;515,29;485,44;484,52;497,59;563,98;662,70;751,01;710,25;602,07;524,15;506,85;477,00;13.02.2021;547,78;;;;;;;
14.02.2021;467,56;456,20;445,88;;438,72;433,30;430,94;434,93;445,98;470,11;474,51;471,75;471,13;461,52;445,77;434,83;448,33;471,54;576,67;650,00;598,25;506,52;473,08;467,76;437,69;14.02.2021;475,54;;;;;;;
15.02.2021;400,37;394,95;388,40;;383,39;399,34;449,05;497,83;1022,14;2024,54;1133,71;935,93;713,09;606,64;577,18;514,19;502,53;521,76;751,55;712,99;638,13;569,21;492,92;511,43;471,54;15.02.2021;650,53;;;;;;;
16.02.2021;461,29;452,10;444,34;;431,07;432,39;459,14;513,97;669,57;807,10;815,88;816,29;651,91;606,78;568,29;515,71;506,42;538,88;608,72;620,36;546,85;498,86;492,53;483,75;439,54;16.02.2021;557,57;;;;;;;
17.02.2021;427,58;420,96;407,12;;380,66;387,17;393,79;413,33;530,48;611,49;622,79;573,94;527,22;484,47;465,24;472,67;481,83;547,58;620,86;725,39;669,00;586,25;492,31;484,27;457,91;17.02.2021;507,68;;;;;;;
18.02.2021;431,81;419,04;399,52;;396,15;386,03;409,23;455,11;595,70;614,20;586,81;505,38;480,55;463,69;445,81;445,60;435,69;444,38;472,27;534,70;470,33;429,15;402,79;384,09;372,03;18.02.2021;457,50;;;;;;;
19.02.2021;379,38;378,57;377,75;;374,58;384,50;398,40;439,00;554,35;599,65;575,93;523,26;472,85;458,53;443,81;445,75;482,77;564,37;605,58;620,92;574,39;485,94;454,75;448,51;420,60;19.02.2021;477,67;;;;;;;
20.02.2021;404,60;385,66;372,24;;369,27;369,37;349,61;369,99;379,00;398,87;390,47;371,42;369,48;363,23;357,50;354,83;352,79;378,28;409,72;422,63;407,98;371,53;340,91;336,61;322,37;20.02.2021;372,85;;;;;;;
21.02.2021;308,16;303,43;295,71;;295,09;298,49;306,31;307,85;309,19;330,70;355,92;343,98;341,41;346,45;345,93;352,73;370,02;412,94;437,02;458,74;448,14;435,17;421,38;421,89;406,15;21.02.2021;360,53;;;;;;;
22.02.2021;400,18;393,07;380,72;;379,39;383,09;404,40;469,14;478,19;481,38;473,05;462,96;454,01;444,95;435,69;447,21;458,12;467,59;467,59;462,03;456,68;427,35;422,10;411,50;386,59;22.02.2021;435,29;;;;;;;
23.02.2021;373,46;364,48;362,01;;372,84;376,86;391,30;410,49;432,06;442,68;431,95;425,14;412,66;401,21;394,81;397,39;400,59;412,76;416,06;414,31;410,70;409,36;404,41;389,86;354,58;23.02.2021;400,08;;;;;;;
24.02.2021;308,59;277,07;249,78;;232,32;260,74;283,06;328,74;372,77;379,69;372,15;368,73;354,37;337,21;341,25;349,72;353,54;367,29;387,75;384,03;366,56;345,59;336,49;310,97;297,53;24.02.2021;331,91;;;;;;;
25.02.2021;262,36;252,61;250,46;;255,08;269,85;284,83;323,31;363,63;381,90;372,46;368,76;357,78;350,91;353,47;349,78;347,83;351,52;388,98;389,39;364,04;345,06;327,41;296,12;294,27;25.02.2021;329,24;;;;;;;
26.02.2021;275,04;271,78;265,56;;270,04;273,71;280,23;328,03;373,17;381,12;369,70;349,02;321,81;295,42;282,07;270,96;276,06;296,23;347,08;359,82;333,73;305,40;304,18;303,57;304,38;26.02.2021;309,92;;;;;;;
27.02.2021;326,18;333,36;348,87;;350,54;352,00;353,56;355,22;368,55;376,88;395,93;403,95;394,47;384,69;373,13;367,72;372,51;378,34;388,23;392,91;379,48;372,09;366,68;355,64;353,35;27.02.2021;368,51;;;;;;;
28.02.2021;355,60;351,43;349,13;;350,59;354,45;356,01;357,99;361,02;363,62;370,92;371,76;365,92;345,17;319,42;311,29;336,41;356,43;381,66;397,71;391,56;378,43;375,30;366,02;360,60;28.02.2021;359,52;;;;;;;
01.03.2021;364,46;363,94;362,16;;362,69;363,94;381,87;400,84;431,49;440,25;434,93;430,14;415,02;406,99;403,97;402,30;399,07;398,65;407,62;419,92;401,57;391,04;379,68;365,40;361,43;01.03.2021;395,39;;;;;;;
02.03.2021;393,75;388,75;387,29;;386,56;390,21;403,34;417,41;500,24;718,74;592,97;515,14;451,06;436,58;429,70;424,28;416,47;419,38;437,20;454,39;437,41;416,05;411,99;405,21;389,27;02.03.2021;442,64;;;;;;;
03.03.2021;392,35;387,63;386,51;;386,51;387,63;400,64;431,07;511,18;662,58;575,20;489,66;444,79;439,16;425,33;429,63;433,12;437,73;450,22;452,48;429,43;396,14;385,28;382,20;377,18;03.03.2021;437,24;;;;;;;
04.03.2021;370,76;367,60;369,74;;369,84;367,19;386,19;410,01;452,42;505,66;497,79;464,17;459,37;458,04;455,79;438,52;426,66;429,01;445,26;463,86;430,75;420,53;416,34;405,51;389,47;04.03.2021;425,02;;;;;;;
05.03.2021;396,07;394,11;393,29;;395,24;403,87;417,94;513,47;682,53;695,07;650,08;598,62;573,76;547,57;469,09;441,26;456,87;515,62;586,29;638,68;498,27;427,29;417,53;410,24;393,19;05.03.2021;496,50;;;;;;;
06.03.2021;411,92;401,59;394,84;;384,61;381,44;379,39;385,12;396,99;402,51;399,44;392,08;373,97;360,98;357,50;356,07;355,05;357,20;373,36;389,32;378,47;356,28;350,24;348,30;343,90;06.03.2021;376,27;;;;;;;
07.03.2021;339,54;338,52;338,31;;338,31;339,43;340,86;354,10;362,14;374,05;380,77;376,90;383,52;381,07;370,89;380,16;399,30;411,52;415,08;436,56;444,30;427,09;421,80;413,14;412,43;07.03.2021;382,49;;;;;;;
08.03.2021;413,04;411,11;411,01;;411,82;412,64;442,57;631,93;783,63;856,73;671,23;586,63;569,53;550,18;537,45;534,20;546,62;578,48;690,58;997,23;1021,05;577,47;509,66;433,61;412,53;08.03.2021;582,96;;;;;;;
09.03.2021;405,04;403,82;403,41;;404,33;405,96;428,06;559,24;747,55;828,52;715,98;623,20;587,86;571,76;557,30;557,51;566,37;563,00;642,75;940,75;822,10;542,23;482,55;427,24;406,87;09.03.2021;566,39;;;;;;;
10.03.2021;407,33;403,20;402,59;;403,00;406,83;413,38;431,74;683,06;665,31;571,52;465,12;443,94;429,92;424,07;423,77;427,30;426,90;429,92;430,73;429,62;401,69;396,64;357,92;326,75;10.03.2021;441,76;;;;;;;
11.03.2021;335,94;318,79;301,95;;301,74;307,19;310,62;345,73;373,17;379,63;378,01;372,36;371,56;372,97;356,93;357,73;357,94;365,60;383,66;393,85;373,17;361,57;359,15;341,79;316,78;11.03.2021;351,58;;;;;;;
12.03.2021;329,88;330,19;327,87;;329,58;330,99;333,61;358,62;395,01;377,17;359,83;358,82;357,10;354,89;347,73;343,80;344,30;359,73;402,68;419,11;423,44;410,54;382,31;356,90;341,38;12.03.2021;361,48;;;;;;;
13.03.2021;364,79;351,05;342,56;;342,66;343,47;348,72;358,53;355,59;359,33;370,75;377,02;375,00;374,69;368,73;366,61;364,08;365,50;374,49;406,52;420,47;368,83;373,68;362,06;356,81;13.03.2021;366,33;;;;;;;
14.03.2021;356,56;353,03;349,51;;349,01;350,92;354,04;361,99;356,15;356,45;362,90;363,10;359,37;353,94;343,37;338,23;337,43;347,60;381,82;441,72;446,75;440,11;427,73;421,48;402,16;14.03.2021;373,14;;;;;;;
15.03.2021;388,67;381,82;373,97;;370,35;386,75;416,15;456,31;529,30;632,98;503,22;477,86;451,99;446,25;434,57;410,41;407,69;428,93;448,87;452,49;454,60;451,18;438,90;429,74;411,72;15.03.2021;441,03;;;;;;;
16.03.2021;409,69;405,96;405,46;;409,29;411,41;421,39;447,60;647,50;674,62;585,91;513,02;468,67;450,22;445,38;441,75;443,26;458,28;515,14;690,65;514,64;474,82;444,07;433,68;419,67;16.03.2021;480,50;;;;;;;
17.03.2021;418,51;415,28;414,98;;415,38;417,60;431,62;497,81;637,75;626,96;612,83;563,49;582,36;535,95;505,38;491,86;489,34;541,70;648,55;760,54;588,41;447,97;438,08;425,37;401,36;17.03.2021;512,88;;;;;;;
18.03.2021;403,73;399,28;398,57;;399,07;402,41;421,33;442,08;534,97;769,71;517,66;493,78;454,73;453,41;445,82;438,03;433,68;440,26;449,06;454,02;454,62;436,31;428,11;417,79;403,12;18.03.2021;453,81;;;;;;;
19.03.2021;412,15;405,80;405,10;;405,80;414,57;428,48;439,26;447,83;454,69;447,03;442,79;437,25;433,52;425,76;422,43;426,06;430,90;432,51;436,04;438,16;433,22;432,61;419,71;409,93;19.03.2021;428,40;;;;;;;
20.03.2021;408,60;406,56;401,28;;397,32;395,60;395,60;396,10;403,11;406,56;408,80;408,09;405,24;400,78;390,21;379,85;375,79;374,06;368,48;376,70;368,07;353,75;345,22;344,41;334,45;20.03.2021;385,19;;;;;;;
21.03.2021;351,27;352,19;350,45;;349,94;352,70;354,63;360,14;361,26;363,20;365,14;367,69;366,16;364,02;361,87;361,67;371,36;379,11;391,95;404,50;413,06;411,53;410,00;407,66;402,25;21.03.2021;373,91;;;;;;;
22.03.2021;402,05;400,42;400,62;;401,54;403,68;410,82;438,76;507,58;571,72;464,25;451,91;438,96;435,08;428,56;425,50;426,93;432,94;438,76;450,58;453,23;424,68;424,17;408,47;399,29;22.03.2021;435,02;;;;;;;
23.03.2021;400,00;399,39;399,79;;400,40;401,82;410,75;427,70;530,72;748,03;455,11;441,41;427,30;422,93;417,96;414,61;413,90;411,26;415,02;422,73;409,94;405,27;410,04;404,97;398,17;23.03.2021;432,88;;;;;;;
24.03.2021;399,12;389,03;385,16;;384,45;385,37;398,20;402,99;409,41;419,39;410,73;402,99;405,33;405,54;402,68;401,87;401,56;402,17;406,05;418,68;406,35;403,50;405,64;404,72;400,24;24.03.2021;402,13;;;;;;;
25.03.2021;399,00;396,97;396,05;;395,95;397,07;400,82;406,61;429,95;442,54;432,19;437,47;415,03;406,81;404,17;399,81;404,68;404,58;413,71;419,70;416,96;403,46;404,99;402,24;398,29;25.03.2021;409,54;;;;;;;
26.03.2021;399,73;396,99;394,14;;393,94;396,58;398,00;405,73;421,79;423,51;405,12;402,37;382,66;366,80;363,55;367,92;382,55;392,82;400,14;401,97;394,14;390,38;393,63;383,16;368,83;26.03.2021;392,77;;;;;;;
27.03.2021;386,44;381,17;373,56;;362,61;355,61;356,83;359,16;350,54;353,48;363,52;365,04;362,61;360,48;355,81;352,16;355,10;365,85;380,36;392,94;412,92;401,86;391,72;387,05;385,73;27.03.2021;371,36;;;;;;;
28.03.2021;401,48;395,21;;;376,39;372,54;372,04;373,25;372,24;371,74;373,35;373,35;372,44;373,05;372,24;372,04;371,33;370,62;372,85;374,77;392,48;399,96;400,17;399,16;395,51;28.03.2021;380,36;;;Summertime;;;;
29.03.2021;373,76;362,22;361,41;;361,41;361,72;362,53;368,19;389,34;397,23;393,79;374,97;364,25;362,43;361,52;360,50;359,39;362,12;362,33;372,44;373,86;377,81;378,62;366,07;357,87;29.03.2021;369,41;;;;;;;
30.03.2021;355,37;353,45;352,13;;352,74;358,19;367,08;378,18;400,19;419,78;419,88;418,46;409,38;391,41;377,37;373,03;374,55;386,96;399,79;405,34;408,47;409,38;410,79;407,36;400,69;30.03.2021;388,75;;;;;;;
31.03.2021;384,95;379,93;378,42;;380,23;383,44;386,66;393,79;413,69;426,35;418,31;419,62;418,41;414,99;408,56;413,29;410,87;409,17;412,99;414,89;413,99;398,21;390,88;385,45;380,33;31.03.2021;401,56;;;;;;;
01.04.2021;393,05;392,15;392,05;;389,56;384,66;388,46;404,63;412,82;422,50;426,00;423,70;412,32;396,94;378,47;353,32;373,78;396,44;396,64;398,44;400,74;397,04;395,55;395,35;394,65;01.04.2021;396,64;;;;;;;
02.04.2021;396,16;395,36;395,06;;393,85;392,44;392,04;394,35;393,45;382,08;376,45;359,85;339,22;303,91;242,14;112,37;85,01;120,72;281,38;338,42;355,22;376,75;390,23;380,67;376,85;02.04.2021;332,25;;;;;;;
03.04.2021;399,18;375,14;366,39;;363,67;362,36;371,82;390,53;405,42;409,14;405,42;398,68;372,42;350,19;302,20;233,59;271,12;328,16;366,18;382,18;403,10;406,22;400,29;398,17;393,85;03.04.2021;368,98;;;;;;;
04.04.2021;400,29;396,46;388,22;;386,71;375,64;367,09;358,44;357,63;345,36;325,24;307,33;258,44;226,75;101,91;21,03;17,81;25,65;100,90;309,14;344,45;349,69;345,76;325,04;246,17;04.04.2021;278,38;;;;;;;
05.04.2021;154,82;193,76;139,03;;150,80;85,01;20,22;50,70;119,61;216,99;303,91;265,38;256,13;246,17;88,03;50,80;41,25;44,67;56,84;258,34;318,30;321,12;322,02;315,28;299,69;05.04.2021;179,95;;;;;;;
06.04.2021;283,49;180,38;163,78;;253,31;296,47;349,79;414,67;442,74;542,44;407,43;404,41;402,90;395,76;372,22;365,08;361,25;359,75;389,62;421,41;433,59;417,69;404,61;394,05;390,13;06.04.2021;368,62;;;;;;;
07.04.2021;381,52;381,83;386,47;;393,03;386,06;399,29;578,74;786,06;832,39;657,27;551,09;515,46;416,85;410,59;403,43;402,01;403,02;406,25;468,32;560,17;485,58;425,33;413,11;390,30;07.04.2021;476,42;;;;;;;
08.04.2021;391,85;385,00;384,60;;392,46;392,15;405,95;599,11;804,25;999,62;669,60;601,32;589,44;546,23;414,61;402,73;402,93;403,13;402,63;403,63;406,45;396,58;382,69;371,91;353,48;08.04.2021;479,26;;;;;;;
09.04.2021;357,72;366,88;362,15;;361,75;367,69;370,91;372,52;372,01;380,57;380,17;377,45;372,21;370,00;367,48;364,97;362,05;362,05;362,95;361,75;373,12;381,78;384,29;386,61;381,98;09.04.2021;370,88;;;;;;;
10.04.2021;384,65;384,55;388,60;;395,29;400,15;407,14;415,76;420,11;423,76;427,71;427,41;424,47;420,52;418,29;416,16;415,25;415,86;418,09;420,72;423,76;425,08;422,04;420,42;416,77;10.04.2021;413,86;;;;;;;
11.04.2021;422,50;421,39;415,73;;417,75;416,94;411,28;416,23;411,28;418,05;419,88;420,38;418,97;419,37;417,95;410,77;404,61;411,18;418,86;425,64;427,86;427,97;426,75;423,72;421,39;11.04.2021;418,60;;;;;;;
12.04.2021;420,38;410,98;409,76;;404,10;407,74;410,67;420,89;481,87;554,47;620,61;492,18;471,04;446,07;420,68;407,13;405,62;411,68;438,99;460,83;482,88;461,03;459,62;424,02;412,49;12.04.2021;447,32;;;;;;;
13.04.2021;411,95;407,80;404,97;;404,26;406,08;415,79;449,46;494,56;518,83;492,43;449,36;444,30;422,56;419,33;405,17;409,52;422,46;443,80;455,93;472,82;481,92;480,71;458,26;427,42;13.04.2021;441,65;;;;;;;
14.04.2021;435,63;435,32;436,74;;444,76;447,29;499,34;774,27;1202,39;1268,13;766,35;635,28;629,80;591,35;553,11;474,99;478,34;498,63;504,21;504,00;505,73;516,48;506,64;506,54;453,68;14.04.2021;586,21;;;;;;;
15.04.2021;535,78;511,86;483,50;;536,28;597,44;503,59;712,19;1027,25;1162,28;759,82;665,36;613,79;508,93;490,57;459,08;456,46;472,30;499,75;611,87;760,22;695,43;563,63;497,43;484,21;15.04.2021;608,71;;;;;;;
16.04.2021;479,53;486,57;487,27;;488,58;495,61;532,31;574,73;837,82;942,87;643,39;502,05;491,39;481,44;476,61;458,72;448,67;450,98;461,23;469,88;467,46;457,91;473,60;483,55;472,49;16.04.2021;523,53;;;;;;;
17.04.2021;490,53;491,23;489,13;;489,13;489,83;488,12;467,47;465,46;473,48;476,59;487,62;482,31;484,41;466,47;470,48;470,98;470,38;488,83;498,45;503,06;502,76;511,69;505,97;494,44;17.04.2021;485,78;;;;;;;
18.04.2021;489,60;480,49;478,99;;478,49;480,79;478,59;474,39;473,49;478,49;481,79;482,80;481,29;501,01;491,20;471,59;466,38;479,89;499,41;512,82;518,22;519,53;524,23;511,42;495,11;18.04.2021;489,58;;;;;;;
19.04.2021;478,79;470,99;470,49;;469,99;471,29;478,29;465,78;499,91;538,24;510,92;511,42;479,29;469,88;462,38;460,88;461,78;460,98;466,78;468,48;467,98;466,28;467,88;468,78;463,98;19.04.2021;476,31;;;;;;;
20.04.2021;462,76;459,36;458,96;;459,16;458,76;464,36;456,86;464,26;484,83;465,06;457,76;455,77;454,77;456,07;455,67;456,76;456,86;457,66;456,57;456,96;457,66;462,56;463,46;458,46;20.04.2021;460,06;;;;;;;
21.04.2021;452,02;447,62;445,42;;444,32;443,72;449,72;455,52;460,82;462,22;450,82;430,63;423,43;415,33;392,94;381,85;364,35;349,16;396,64;415,43;418,53;422,93;421,13;414,23;395,54;21.04.2021;423,10;;;;;;;
22.04.2021;391,10;394,12;394,22;;398,24;399,34;399,14;428,19;454,73;457,14;443,57;422,96;398,94;384,87;353,41;337,53;331,19;361,25;401,15;422,56;445,18;442,76;441,46;431,51;412,51;22.04.2021;406,13;;;;;;;
23.04.2021;435,89;434,88;437,79;;446,51;453,03;456,54;458,34;493,63;534,33;487,52;470,97;460,55;453,93;426,36;401,10;413,23;429,37;441,10;454,53;458,34;464,36;468,57;467,57;465,86;23.04.2021;454,76;;;;;;;
24.04.2021;484,90;480,58;479,77;;480,17;481,98;487,01;481,78;487,41;493,24;490,23;478,57;466,60;441,88;406,29;372,22;380,86;407,50;441,37;466,40;476,25;482,18;481,48;483,39;482,18;24.04.2021;463,09;;;;;;;
25.04.2021;493,11;471,56;472,56;;469,55;466,25;461,64;445,10;443,09;434,78;400,70;401,60;399,00;394,39;391,98;383,76;374,24;372,64;409,62;440,09;464,54;471,66;484,59;494,71;497,82;25.04.2021;439,12;;;;;;;
26.04.2021;484,09;477,17;477,97;;480,48;484,99;496,21;540,71;795,08;815,13;720,92;520,97;511,85;502,33;491,00;484,49;492,51;496,21;526,08;616,58;767,62;786,06;679,43;599,95;517,26;26.04.2021;573,55;;;;;;;
27.04.2021;511,26;487,06;485,25;;481,64;491,18;517,19;593,11;807,12;796,67;568,41;511,46;501,92;486,06;466,07;459,85;474,21;492,69;521,71;591,00;585,78;564,89;579,65;524,12;483,14;27.04.2021;540,89;;;;;;;
28.04.2021;471,73;465,01;470,93;;479,45;490,07;522,75;695,77;793,10;832,89;679,83;546,01;516,14;496,69;495,69;509,62;544,30;560,94;637,63;653,56;738,57;634,62;608,06;551,02;491,08;28.04.2021;578,56;;;;;;;
29.04.2021;482,08;475,79;474,10;;475,69;483,58;491,47;559,05;772,19;823,01;676,06;595,69;555,36;537,59;487,97;466,21;453,33;466,61;481,88;506,14;507,64;492,87;492,47;477,99;479,99;29.04.2021;529,78;;;;;;;
30.04.2021;480,18;473,32;482,07;;490,71;492,10;502,64;581,76;782,64;817,92;755,60;703,32;666,94;506,62;496,38;498,17;486,84;510,59;523,81;522,22;513,77;495,29;483,95;496,08;489,82;30.04.2021;552,20;;;;;;;
01.05.2021;523,93;504,94;502,76;;502,16;505,44;504,25;505,14;506,24;512,50;531,99;526,42;513,89;511,31;491,22;466,27;455,73;471,44;485,66;508,03;515,78;529,70;544,31;550,97;507,53;01.05.2021;507,40;;;;;;;
02.05.2021;536,76;506,33;490,42;;476,50;479,41;478,11;470,90;480,01;493,32;479,91;469,30;466,20;447,58;359,81;341,79;336,09;364,31;421,96;465,60;506,43;516,14;540,36;555,27;514,04;02.05.2021;466,52;;;;;;;
03.05.2021;526,75;510,33;499,92;;502,03;501,43;549,17;677,98;839,81;854,53;653,96;591,30;553,97;520,44;500,12;508,73;501,33;499,22;548,87;624,83;797,48;797,78;760,45;665,06;513,64;03.05.2021;604,13;;;;;;;
04.05.2021;500,82;471,41;456,31;;445,31;413,71;405,41;447,11;503,22;505,92;479,91;462,91;446,01;432,31;419,81;419,21;415,51;413,71;413,21;452,51;472,01;486,91;484,81;471,81;454,11;04.05.2021;453,08;;;;;;;
05.05.2021;427,61;397,80;398,80;;400,50;419,60;465,22;502,23;610,65;634,36;509,43;473,82;450,61;449,31;449,51;451,21;450,11;450,41;466,62;496,82;567,54;574,64;570,24;541,24;515,13;05.05.2021;486,39;;;;;;;
06.05.2021;508,07;502,99;499,39;;515,46;529,93;555,17;599,47;705,44;667,52;547,39;548,09;549,58;597,98;588,80;580,12;608,95;627,41;700,25;765,11;850,72;797,33;795,94;767,40;625,02;06.05.2021;626,40;;;;;;;
07.05.2021;597,23;580,47;575,75;;575,65;582,48;671,01;779,71;887,62;989,30;820,26;767,57;750,30;658,36;599,74;540,42;524,16;532,59;556,38;595,42;713,97;598,54;585,29;582,07;540,62;07.05.2021;650,20;;;;;;;
08.05.2021;559,27;559,17;571,01;;598,00;598,00;577,63;537,39;544,52;553,65;521,24;474,79;439,57;431,74;426,32;415,49;442,78;478,60;503,78;536,99;588,26;617,36;588,26;537,09;503,48;08.05.2021;525,18;;;;;;;
09.05.2021;471,04;371,87;281,67;;281,37;281,37;281,37;293,83;242,90;277,28;384,13;421,40;427,68;427,78;419,11;423,30;421,31;406,16;398,58;460,67;508,52;516,99;526,56;523,77;509,21;09.05.2021;398,24;;;;;;;
10.05.2021;462,47;433,56;411,84;;365,09;402,77;456,09;513,20;558,35;575,89;544,30;519,68;513,00;507,62;479,31;485,79;513,70;517,39;525,16;530,05;539,71;541,81;540,51;540,81;538,92;10.05.2021;500,71;;;;;;;
11.05.2021;533,08;528,68;527,78;;527,78;528,48;533,08;532,68;555,27;569,57;557,17;554,87;551,17;555,67;550,17;540,18;540,38;542,28;541,38;551,77;550,37;544,98;545,58;543,08;541,58;11.05.2021;543,63;;;;;;;
12.05.2021;529,67;526,06;525,56;;524,76;525,56;527,16;526,36;549,32;560,94;558,24;551,72;553,43;549,92;546,71;536,99;530,67;527,06;534,88;549,11;554,03;538,49;537,29;536,18;526,66;12.05.2021;538,62;;;;;;;
13.05.2021;515,90;510,38;508,57;;508,17;508,07;508,98;506,57;507,07;515,30;529,25;525,93;521,32;518,31;503,05;477,06;467,73;484,99;506,97;513,99;514,49;508,17;508,17;508,77;509,38;13.05.2021;507,77;;;;;;;
14.05.2021;511,01;508,28;507,58;;507,88;508,38;510,00;510,80;533,79;542,36;542,86;538,33;536,01;529,76;524,82;510,70;509,49;509,80;511,61;524,21;520,68;509,19;509,90;512,32;510,10;14.05.2021;518,33;;;;;;;
15.05.2021;509,37;505,26;500,35;;500,35;496,34;494,53;500,65;488,01;501,25;505,36;507,67;507,47;503,05;470,76;440,17;464,44;498,24;512,18;514,59;513,69;510,78;506,16;503,26;489,42;15.05.2021;497,64;;;;;;;
16.05.2021;514,20;465,11;404,69;;336,14;289,67;281,94;228,24;246,11;305,93;319,48;250,42;301,81;248,92;153,97;135,30;204,96;271,00;455,98;507,17;526,24;533,27;534,87;528,55;510,38;16.05.2021;356,43;;;;;;;
17.05.2021;513,49;509,08;507,17;;506,77;507,07;504,76;535,27;550,93;566,19;570,20;570,60;565,99;561,27;561,07;552,84;543,70;542,40;544,01;548,42;546,82;521,62;521,92;514,80;506,17;17.05.2021;536,36;;;;;;;
18.05.2021;517,31;513,69;512,79;;513,09;513,69;516,60;551,63;580,44;619,18;599,21;587,47;581,04;576,22;568,40;561,67;556,45;557,35;577,13;576,73;572,21;564,78;563,68;553,14;526,34;18.05.2021;556,68;;;;;;;
19.05.2021;519,69;516,98;512,37;;512,87;513,67;517,78;556,69;581,96;590,38;578,15;574,54;566,61;562,30;563,91;559,50;547,66;545,56;539,94;554,28;550,67;534,73;530,52;520,89;515,58;19.05.2021;544,47;;;;;;;
20.05.2021;517,98;508,79;504,14;;493,83;489,08;484,64;535,06;560,93;580,23;558,91;572,35;544,86;538,09;535,36;523,84;517,17;523,24;535,67;551,94;555,27;540,42;535,36;533,44;528,49;20.05.2021;532,05;;;;;;;
21.05.2021;518,85;457,36;381,54;;83,54;74,40;220,34;507,36;593,85;603,10;525,76;424,02;257,54;224,61;206,42;177,05;69,42;127,15;214,65;462,74;513,66;507,67;515,19;510,11;451,97;21.05.2021;359,51;;;;;;;
22.05.2021;375,10;91,26;9,55;;2,34;0,51;0,51;1,83;5,89;14,02;99,39;203,76;214,23;200,40;181,20;108,23;100,61;174,69;290,24;288,62;421,95;474,79;495,93;482,11;310,36;22.05.2021;189,48;;;;;;;
23.05.2021;254,75;254,44;185,83;;170,68;166,82;168,14;171,19;156,96;137,95;144,25;114,26;120,77;106,23;107,55;100,94;140,28;158,28;389,64;476,76;527,28;536,23;566,42;596,82;559,92;23.05.2021;263,02;;;;;;;
24.05.2021;533,59;489,16;436,40;;351,01;125,65;173,12;247,43;352,84;378,05;440,78;441,08;450,03;456,43;401,44;363,52;392,18;437,12;522,91;527,28;553,71;573,23;599,97;609,93;528,61;24.05.2021;432,73;;;;;;;
25.05.2021;517,93;481,03;454,60;;416,07;432,85;483,06;562,97;589,40;569,88;563,88;561,24;555,44;534,60;490,38;437,93;419,73;440,06;504,21;535,82;534,81;524,34;519,15;502,28;484,18;25.05.2021;504,83;;;;;;;
26.05.2021;484,09;480,42;477,97;;478,17;480,42;481,44;516,45;539,72;551,05;541,76;540,54;540,94;540,74;540,23;532,17;529,21;521,14;534,31;538,70;535,64;517,67;513,69;504,20;489,91;26.05.2021;517,11;;;;;;;
27.05.2021;475,41;471,24;469,20;;468,89;469,61;470,01;498,33;537,03;551,59;550,88;548,13;543,04;540,49;539,17;534,69;528,58;525,83;529,39;531,02;534,38;536,01;533,77;527,76;505,05;27.05.2021;517,48;;;;;;;
28.05.2021;494,66;489,25;484,35;;483,64;485,37;499,76;540,26;556,17;566,27;560,35;552,50;543,62;540,46;553,93;536,28;527,30;519,96;524,34;534,13;532,50;529,95;529,34;518,94;506,39;28.05.2021;525,41;;;;;;;
29.05.2021;498,00;495,76;494,23;;493,83;493,52;492,61;498,20;526,78;529,83;543,26;528,51;513,97;479,99;332,40;228,55;283,48;306,16;469,21;524,04;544,89;536,04;539,60;528,82;521,49;29.05.2021;475,13;;;;;;;
30.05.2021;510,66;505,65;501,06;;484,71;484,40;470,81;456,00;439,24;389,69;326,54;216,20;191,68;181,46;174,41;155,30;164,70;218,04;277,71;464,89;497,79;514,85;526,19;528,34;524,56;30.05.2021;383,54;;;;;;;
31.05.2021;503,41;498,50;495,85;;495,33;499,22;501,16;509,43;559,60;576,87;567,98;561,85;556,74;553,88;546,52;534,57;540,90;533,45;564,10;589,13;586,06;563,99;561,44;543,56;505,76;31.05.2021;539,55;;;;;;;
01.06.2021;427,04;413,06;397,02;;386,61;385,99;405,19;493,11;566,33;582,57;575,83;573,27;571,74;563,67;554,48;547,64;517,62;509,35;552,14;530,59;521,09;507,21;502,30;478,51;438,38;01.06.2021;500,03;;;;;;;
02.06.2021;416,81;405,18;387,90;;382,74;391,54;436,93;482,52;563,30;571,18;561,17;557,84;553,39;545,30;528,62;527,31;527,51;505,87;533,37;531,35;530,95;528,32;523,36;485,25;449,67;02.06.2021;496,97;;;;;;;
03.06.2021;441,51;427,52;412,32;;408,57;408,16;418,30;477,08;555,43;580,26;570,63;533,44;516,41;511,24;508,10;526,75;528,47;510,83;533,34;535,26;530,09;512,56;506,48;484,28;456,71;03.06.2021;495,57;;;;;;;
04.06.2021;462,42;448,52;443,76;;440,61;440,51;442,95;488,68;533,00;583,39;583,39;581,77;581,97;582,89;583,19;549,42;506,53;499,63;515,65;514,23;507,64;505,21;486,25;476,61;474,79;04.06.2021;509,71;;;;;;;
05.06.2021;466,79;462,52;462,11;;461,40;460,49;460,28;461,81;464,56;472,08;470,25;479,51;478,49;473,10;470,25;470,05;467,30;467,10;484,09;500,87;495,89;483,98;476,46;471,98;467,51;05.06.2021;472,04;;;;;;;
06.06.2021;463,12;458,77;453,92;;451,09;445,73;441,79;446,84;456,95;462,11;465,64;467,16;467,77;467,56;467,67;467,36;467,26;467,67;467,26;467,97;468,47;468,47;468,58;468,58;466,86;06.06.2021;462,28;;;;;;;
07.06.2021;469,08;464,63;462,31;;461,60;460,69;462,81;501,53;581,80;586,55;585,54;584,73;584,03;583,22;582,11;586,25;582,71;577,86;580,59;580,39;570,98;504,46;496,48;485,76;469,69;07.06.2021;533,58;;;;;;;
08.06.2021;477,95;466,79;463,68;;463,38;464,28;482,57;517,03;577,51;600,02;595,90;592,08;588,36;586,56;582,03;582,74;577,41;577,01;577,81;576,71;577,41;547,07;522,45;502,76;491,11;08.06.2021;541,28;;;;;;;
09.06.2021;508,66;506,35;505,34;;502,43;502,73;496,40;518,20;582,50;601,79;597,87;594,96;592,95;587,32;586,12;586,02;576,57;574,87;559,60;547,64;546,94;532,07;514,59;502,23;486,26;09.06.2021;546,27;;;;;;;
10.06.2021;491,09;490,99;475,09;;468,14;489,88;488,47;517,76;572,70;586,39;587,09;586,89;586,79;591,52;587,70;577,13;572,00;571,80;571,80;571,80;571,49;573,00;530,44;520,78;501,45;10.06.2021;545,09;;;;;;;
11.06.2021;498,16;493,80;491,67;;490,76;488,53;490,56;497,45;526,54;572,86;572,15;563,33;528,67;528,87;521,07;510,93;504,75;512,86;521,17;518,43;514,17;508,80;506,78;505,25;502,32;11.06.2021;515,41;;;;;;;
12.06.2021;496,28;474,40;459,27;;450,20;422,67;408,25;446,47;471,27;504,24;509,89;504,54;366,61;223,94;68,36;47,79;19,26;34,08;150,54;221,32;452,52;460,88;467,54;472,28;441,12;12.06.2021;357,24;;;;;;;
13.06.2021;375,89;242,16;75,18;;51,90;47,26;31,64;39,10;85,76;42,33;49,08;39,20;15,22;14,51;14,41;14,71;39,81;128,79;438,17;484,22;487,45;483,92;470,72;469,11;459,94;13.06.2021;191,69;;;;;;;
14.06.2021;466,79;430,41;417,81;;410,96;408,04;412,47;406,43;478,08;512,24;513,75;510,93;503,07;496,72;495,51;489,87;493,80;492,69;490,07;487,05;485,63;488,36;486,94;484,12;472,03;14.06.2021;472,24;;;;;;;
15.06.2021;451,86;433,13;429,71;;428,00;425,08;427,70;459,92;471,90;505,52;491,43;492,03;488,71;483,98;499,99;487,30;483,78;488,31;494,15;483,98;482,87;504,11;485,99;472,10;463,74;15.06.2021;472,30;;;;;;;
16.06.2021;415,37;408,31;404,68;;398,74;397,33;409,82;435,12;481,37;501,62;500,11;520,16;515,53;512,81;504,75;502,73;487,31;470,39;472,70;469,18;462,63;473,31;462,93;434,21;418,09;16.06.2021;460,80;;;;;;;
17.06.2021;401,20;394,43;387,66;;384,42;382,80;387,76;410,10;461,67;522,03;522,54;519,91;509,19;500,49;475,12;461,77;450,85;430,43;418,80;407,47;398,68;414,96;409,09;404,64;400,80;17.06.2021;435,70;;;;;;;
18.06.2021;404,46;389,03;381,27;;378,10;372,48;377,59;411,71;432,45;450,23;452,68;450,64;446,14;437,97;434,80;431,84;431,12;430,92;430,82;432,66;434,60;435,31;432,86;420,19;410,90;18.06.2021;421,28;;;;;;;
19.06.2021;409,94;389,75;380,53;;378,27;360,03;360,03;378,58;389,55;407,38;419,88;446,63;441,92;426,65;425,21;420,29;416,70;416,09;417,42;418,04;417,11;413,53;410,66;410,35;410,45;19.06.2021;406,87;;;;;;;
20.06.2021;413,16;394,58;392,41;;387,24;380,74;376,19;392,61;397,05;405,32;420,91;428,03;433,30;422,87;290,17;258,47;374,13;432,68;432,47;438,36;432,27;429,27;423,59;418,22;420,39;20.06.2021;399,77;;;;;;;
21.06.2021;403,77;397,05;390,24;;387,24;388,69;397,16;417,19;422,66;446,00;451,06;454,06;459,84;461,90;462,01;463,66;460,46;462,42;464,28;461,18;450,55;451,58;435,57;427,72;420,70;21.06.2021;434,87;;;;;;;
22.06.2021;444,14;432,92;430,56;;425,51;423,25;420,16;436,73;458,96;469,77;470,18;468,64;467,92;466,58;466,17;467,30;463,08;461,85;462,26;461,02;459,79;463,80;460,92;449,80;444,76;22.06.2021;453,17;;;;;;;
23.06.2021;450,52;449,60;444,80;;441,22;439,89;446,95;461,05;476,79;483,64;485,27;490,28;490,59;490,28;489,46;489,87;483,13;481,29;480,27;477,51;475,77;478,43;475,46;461,87;451,44;23.06.2021;470,64;;;;;;;
24.06.2021;453,65;450,60;446,12;;442,77;439,31;446,43;466,05;486,39;498,29;507,54;508,26;514,76;513,95;498,19;497,48;494,53;487,92;479,17;471,44;472,16;471,95;471,34;463,72;460,05;24.06.2021;476,75;;;;;;;
25.06.2021;469,60;463,30;457,92;;456,30;451,93;458,73;471,22;486,66;487,17;487,88;488,59;488,69;487,68;486,66;485,65;481,58;480,97;479,65;477,83;478,23;474,68;471,02;470,51;470,41;25.06.2021;475,54;;;;;;;
26.06.2021;485,90;480,94;478,91;;478,10;477,29;477,19;478,50;477,90;478,50;480,94;485,20;485,90;485,60;484,08;482,86;481,85;483,67;484,59;484,28;482,56;480,43;480,33;483,47;481,44;26.06.2021;481,68;;;;;;;
27.06.2021;508,69;504,42;498,73;;492,53;487,15;489,59;494,87;487,35;503,50;508,28;509,50;509,30;507,37;341,05;317,28;417,45;491,52;511,12;510,82;510,82;510,11;509,70;510,82;509,80;27.06.2021;485,07;;;;;;;
28.06.2021;520,37;504,11;500,05;;497,71;497,51;518,54;523,72;533,07;543,13;537,34;539,47;539,47;537,95;537,54;536,52;537,13;533,78;537,74;535,41;527,99;537,34;528,19;522,40;500,96;28.06.2021;526,14;;;;;;;
29.06.2021;485,26;477,52;470,70;;468,16;467,95;476,40;505,00;540,74;551,32;559,57;561,09;553,15;558,96;558,65;549,59;546,03;541,75;542,06;539,41;528,93;536,36;526,89;501,95;490,75;29.06.2021;522,42;;;;;;;
30.06.2021;479,98;465,38;453,64;;445,99;440,27;456,09;487,64;531,12;541,33;543,07;543,88;544,60;545,21;545,01;543,98;534,39;531,73;543,37;535,61;530,41;530,10;494,88;506,11;492,74;30.06.2021;511,11;;;;;;;
01.07.2021;464,31;460,34;453,52;;442,22;438,45;452,09;468,59;484,57;503,40;524,58;527,43;519,69;534,76;533,64;527,43;528,04;508,80;510,12;493,32;486,81;534,96;492,92;487,62;483,75;01.07.2021;494,22;;;;;;;
02.07.2021;475,40;468,85;466,29;;458,61;450,52;466,70;489,42;501,40;547,57;551,66;554,63;554,73;552,48;548,59;543,78;531,49;549,51;551,76;548,90;545,62;546,54;542,76;511,84;506,31;02.07.2021;519,39;;;;;;;
03.07.2021;510,04;504,20;500,51;;498,05;495,29;495,19;497,23;498,77;506,25;522,74;548,34;549,77;548,85;542,81;535,74;536,46;547,83;550,49;551,52;549,98;537,28;523,15;512,90;507,89;03.07.2021;523,80;;;;;;;
04.07.2021;531,86;512,77;509,71;;508,59;505,62;504,19;506,75;509,50;540,14;540,95;559,54;564,44;568,62;568,83;569,34;570,77;574,14;585,47;593,33;594,15;589,25;581,08;571,48;560,35;04.07.2021;550,87;;;;;;;
05.07.2021;555,66;541,46;540,65;;538,50;534,42;539,93;563,52;593,33;617,43;613,45;612,83;610,89;605,58;605,58;604,16;602,73;602,42;603,95;604,46;605,99;593,03;573,73;561,48;556,06;05.07.2021;582,55;;;;;;;
06.07.2021;558,50;535,79;529,88;;521,13;513,39;535,49;580,60;595,98;602,80;603,01;603,21;601,07;586,71;572,05;570,01;570,72;584,06;593,43;595,88;597,30;596,39;589,46;585,80;550,97;06.07.2021;573,90;;;;;;;
07.07.2021;551,30;526,12;511,65;;509,51;508,69;509,20;577,29;589,52;590,03;588,40;589,72;590,23;587,99;588,29;589,52;589,92;590,54;594,00;596,75;597,47;596,35;599,00;588,91;558,63;07.07.2021;571,63;;;;;;;
08.07.2021;544,51;537,95;529,85;;526,16;522,67;537,75;594,45;603,89;605,94;606,55;606,96;606,14;606,14;606,14;605,22;599,07;599,38;602,45;602,66;602,25;603,78;606,96;606,55;588,10;08.07.2021;585,48;;;;;;;
09.07.2021;597,76;593,69;585,66;;586,71;587,65;597,66;602,56;605,58;608,19;610,38;608,82;608,71;608,71;608,40;607,56;606,10;605,17;606,63;606,00;604,85;605,37;603,91;596,09;586,39;09.07.2021;601,61;;;;;;;
10.07.2021;588,84;573,94;566,07;;561,62;546,93;547,55;553,97;563,18;572,49;590,91;595,46;595,25;593,08;589,66;577,45;573,94;574,14;583,66;590,60;589,87;582,42;574,14;569,18;564,00;10.07.2021;575,76;;;;;;;
11.07.2021;553,54;520,97;514,27;;516,74;509,11;520,04;559,11;565,60;571,17;588,07;596,73;604,15;603,95;602,50;599,82;600,96;600,85;603,53;603,12;604,25;604,15;603,64;600,65;591,89;11.07.2021;576,62;;;;;;;
12.07.2021;584,26;577,56;565,60;;566,42;578,48;587,56;604,98;602,40;603,43;605,29;606,21;606,42;606,52;606,32;606,52;605,49;605,49;605,29;604,77;604,56;604,87;604,98;603,53;600,65;12.07.2021;597,82;;;;;;;
13.07.2021;609,16;607,40;606,67;;606,36;606,05;605,64;608,74;609,05;611,23;616,30;617,23;616,92;617,12;617,23;616,50;614,64;615,37;615,68;615,06;613,71;615,47;613,61;610,61;609,57;13.07.2021;612,31;;;;;;;
14.07.2021;625,52;624,18;622,12;;621,71;620,78;620,06;623,25;620,57;622,94;627,58;629,13;629,13;629,03;628,41;627,38;624,49;622,32;625,21;622,12;622,01;622,01;622,12;620,16;616,55;14.07.2021;623,70;;;;;;;
15.07.2021;630,34;623,73;616,60;;610,81;607,30;610,50;627,14;633,24;637,37;639,33;640,06;638,92;638,40;638,82;637,58;636,34;636,13;636,23;636,13;637,16;636,13;633,55;628,59;616,91;15.07.2021;630,30;;;;;;;
16.07.2021;571,41;558,98;552,04;;549,97;550,38;555,77;569,03;617,21;639,69;646,43;648,60;648,81;648,60;648,09;646,43;644,56;643,53;643,74;643,32;642,70;638,76;634,62;626,43;607,37;16.07.2021;615,69;;;;;;;
17.07.2021;624,97;617,27;610,40;;602,81;579,50;573,26;614,67;627,26;635,16;645,98;645,46;625,38;582,00;516,77;426,56;376,73;416,26;537,78;592,72;594,80;603,02;607,59;606,87;601,66;17.07.2021;577,70;;;;;;;
18.07.2021;575,37;532,94;516,28;;509,26;461,80;470,39;515,97;539,64;555,99;499,00;382,39;278,99;211,00;30,38;31,85;48,82;95,34;258,77;514,71;583,02;597,89;601,77;608,68;611,62;18.07.2021;417,99;;;;;;;
19.07.2021;575,26;564,58;531,68;;524,87;521,00;521,83;596,32;634,77;643,57;649,96;652,79;651,43;651,53;654,47;651,11;649,54;647,03;650,90;649,75;646,50;642,21;636,76;632,36;576,21;19.07.2021;614,85;;;;;;;
20.07.2021;593,65;582,39;578,28;;577,33;574,07;575,65;607,76;635,13;640,71;642,29;644,08;641,87;640,50;639,34;636,60;634,08;633,97;639,34;641,55;640,82;640,82;639,45;636,81;618,71;20.07.2021;622,30;;;;;;;
21.07.2021;587,66;582,78;578,54;;576,42;572,07;574,08;615,13;635,71;640,17;648,23;651,41;652,26;652,26;651,73;649,61;649,19;647,91;648,23;649,08;647,28;643,78;640,06;635,50;597,42;21.07.2021;626,10;;;;;;;
22.07.2021;592,84;584,61;576,16;;576,06;562,96;573,10;620,93;628,64;630,75;631,80;632,01;631,49;630,96;630,64;630,01;629,80;629,59;629,69;632,44;631,91;631,27;630,43;622,51;607,31;22.07.2021;615,75;;;;;;;
23.07.2021;593,83;584,27;573,14;;570,95;560,24;571,06;608,81;619,73;622,43;624,93;630,44;632,63;631,59;629,71;627,53;626,28;624,51;627,43;632,11;628,67;628,05;624,62;613,39;609,23;23.07.2021;612,32;;;;;;;
24.07.2021;595,76;585,65;583,05;;581,70;579,09;574,72;581,28;588,57;604,30;611,39;614,20;618,36;614,09;611,80;609,61;609,72;611,39;613,89;620,55;619,51;616,18;613,26;612,43;607,64;24.07.2021;603,26;;;;;;;
25.07.2021;597,16;586,14;575,33;;530,21;530,53;530,63;530,42;531,16;573,44;565,36;533,04;543,64;539,24;525,80;506,71;560,54;606,50;614,68;614,89;614,58;612,90;612,90;612,16;610,59;25.07.2021;569,11;;;;;;;
26.07.2021;613,95;616,25;614,58;;607,96;600,09;607,96;619,40;617,41;622,76;623,81;624,44;624,44;624,12;623,91;624,54;624,33;624,33;626,54;626,01;625,91;625,70;623,39;621,61;619,40;26.07.2021;620,12;;;;;;;
27.07.2021;607,08;583,63;577,98;;575,89;573,59;576,83;607,29;611,06;620,27;624,56;625,82;625,82;625,40;624,87;625,19;625,61;625,92;627,28;627,70;627,18;626,97;625,50;623,51;602,89;27.07.2021;612,41;;;;;;;
28.07.2021;585,90;579,73;573,35;;570,42;568,12;568,96;594,68;604,51;615,59;616,32;616,64;616,64;616,22;615,17;598,13;589,24;590,39;614,96;615,38;614,96;614,96;612,45;602,63;593,22;28.07.2021;599,52;;;;;;;
29.07.2021;578,40;541,85;497,22;;469,71;483,47;534,29;587,85;598,24;590,58;525,47;442,41;443,88;452,28;442,20;437,05;440,73;432,54;527,26;569,68;601,71;605,80;606,22;608,32;599,19;29.07.2021;525,68;;;;;;;
30.07.2021;573,85;533,59;516,85;;501,97;499,79;499,68;536,92;563,55;574,47;569,16;563,65;538,90;524,44;468,69;502,28;519,86;564,38;601,41;610,35;615,55;613,89;613,16;603,91;596,83;30.07.2021;554,46;;;;;;;
31.07.2021;569,19;550,93;448,78;;418,52;386,07;348,19;421,86;423,32;390,35;397,44;432,50;430,10;431,15;398,49;388,57;389,51;400,36;449,61;524,11;566,48;577,85;596,74;595,69;587,76;31.07.2021;463,48;;;;;;;
01.08.2021;574,78;531,37;532,41;;536,39;538,59;530,53;539,95;576,76;586,91;586,70;600,82;601,76;606,37;584,82;562,23;558,77;579,38;602,39;613,06;616,30;616,93;615,88;613,17;606,37;01.08.2021;579,69;;;;;;;
02.08.2021;601,66;584,09;564,32;;551,97;563,17;590,99;598,73;603,23;606,99;610,76;612,85;612,96;613,58;612,12;611,49;609,92;609,61;610,34;612,64;613,58;616,72;615,36;606,47;602,08;02.08.2021;601,48;;;;;;;
03.08.2021;603,67;600,32;597,92;;596,66;596,66;596,14;608,38;617,49;621,15;626,70;628,79;627,74;625,76;625,02;626,80;625,13;624,71;627,85;628,16;627,22;624,19;617,28;618,64;614,98;03.08.2021;616,97;;;;;;;
04.08.2021;618,53;614,99;614,05;;612,70;610,72;613,74;624,37;634,37;637,29;642,08;646,04;652,92;646,56;653,75;641,25;638,85;637,50;645,83;653,54;659,59;659,27;643,85;640,10;620,41;04.08.2021;635,93;;;;;;;
05.08.2021;636,92;632,64;631,18;;630,34;630,34;631,39;639,43;645,06;657,17;659,88;658,21;655,40;647,15;657,38;646,31;645,06;643,91;648,72;660,09;657,27;648,19;647,46;639,84;635,25;05.08.2021;645,19;;;;;;;
06.08.2021;636,74;629,74;625,24;;622,21;623,99;629,74;640,40;649,70;647,09;651,48;652,21;647,40;638,00;618,24;589,39;590,65;617,09;642,91;655,66;654,72;652,42;655,35;646,67;637,79;06.08.2021;635,62;;;;;;;
07.08.2021;637,67;610,97;585,11;;583,02;589,28;613,89;616,50;634,85;630,99;623,48;603,46;578,44;576,14;558,52;574,99;624,32;639,54;650,49;676,15;676,77;675,10;663,11;646,11;626,93;07.08.2021;620,66;;;;;;;
08.08.2021;594,20;569,81;307,93;;222,21;7,12;0,84;0,42;0,94;14,86;305,84;539,46;557,46;564,06;560,60;559,97;562,07;540,61;544,38;575,05;631,46;648,42;663,39;650,51;611,78;08.08.2021;426,39;;;;;;;
09.08.2021;556,42;545,32;413,75;;389,57;559,87;604,56;675,00;690,91;705,46;689,76;665,58;651,87;646,64;640,78;642,87;638,89;652,29;712,37;763,45;768,47;732,05;722,52;701,69;674,59;09.08.2021;643,53;;;;;;;
10.08.2021;708,71;706,62;683,03;;663,10;682,50;706,09;723,60;722,45;727,06;733,04;741,43;740,28;747,83;743,00;751,81;739,44;737,24;744,89;750,55;737,55;738,18;752,54;735,87;713,85;10.08.2021;726,28;;;;;;;
11.08.2021;746,16;738,82;735,47;;734,73;736,41;752,03;765,46;753,61;753,50;755,81;764,93;763,15;764,93;763,36;754,66;754,13;754,03;760,53;762,52;762,52;762,73;768,81;767,34;746,58;11.08.2021;755,09;;;;;;;
12.08.2021;759,87;751,41;746,71;;743,88;746,08;762,91;764,37;763,22;769,80;771,69;767,40;764,68;761,13;757,68;756,22;756,01;756,32;764,06;765,62;764,68;764,47;766,67;766,15;752,35;12.08.2021;760,14;;;;;;;
13.08.2021;757,15;743,36;737,86;;735,79;739,11;747,51;736,62;740,87;747,30;749,79;752,48;748,02;751,96;743,36;725,42;723,65;730,81;746,68;746,05;744,50;735,48;740,87;734,75;734,13;13.08.2021;741,40;;;;;;;
14.08.2021;776,00;759,81;720,08;;700,27;695,70;697,05;702,13;738,24;732,84;711,37;692,48;650,26;647,05;597,14;572,35;559,90;645,59;693,21;712,71;736,89;767,70;769,88;763,24;750,06;14.08.2021;699,66;;;;;;;
15.08.2021;742,93;708,87;694,92;;670,86;641,81;644,62;634,21;625,67;618,38;575,99;577,45;570,79;589,74;587,03;583,91;630,56;661,07;709,81;736,68;775,94;805,52;822,49;832,28;778,13;15.08.2021;675,82;;;;;;;
16.08.2021;720,02;698,36;681,07;;674,72;694,71;713,77;778,33;791,77;799,58;799,06;768,55;736,58;720,75;705,02;697,31;685,55;689,61;707,21;723,77;771,05;759,69;757,40;712,31;684,82;16.08.2021;727,96;;;;;;;
17.08.2021;655,24;637,43;520,21;;402,99;376,44;536,77;680,01;725,20;719,37;700,52;695,94;688,24;682,10;675,64;659,92;678,56;684,18;716,14;737,79;771,11;773,40;777,04;769,44;703,13;17.08.2021;665,28;;;;;;;
18.08.2021;690,23;683,68;662,56;;678,06;687,95;703,97;754,01;779,82;811,34;793,45;787,62;780,55;774,09;732,89;719,68;713,23;717,81;755,78;783,04;781,07;781,69;781,69;755,47;708,13;18.08.2021;742,41;;;;;;;
19.08.2021;705,44;695,73;674,22;;669,52;689,36;717,56;754,95;784,71;816,67;782,52;780,01;777,09;789,10;789,41;792,96;784,50;819,80;834,52;828,26;826,59;819,49;816,67;817,40;799,54;19.08.2021;773,58;;;;;;;
20.08.2021;822,08;811,66;809,35;;807,45;808,82;811,45;804,82;835,87;863,02;890,06;896,90;884,90;869,44;854,49;849,86;824,40;815,98;820,40;812,92;819,34;816,40;810,08;811,77;801,56;20.08.2021;831,38;;;;;;;
21.08.2021;833,76;827,61;820,08;;813,50;817,85;820,40;827,50;829,30;839,38;849,24;841,29;813,82;808,84;792,72;788,69;801,31;821,24;852,53;852,32;849,88;854,75;850,51;848,60;844,89;21.08.2021;829,17;;;;;;;
22.08.2021;864,32;807,81;767,74;;739,06;717,23;710,48;710,59;720,50;762,47;786,72;779,76;791,46;782,61;769,74;750,66;744,75;784,71;813,82;846,29;888,26;879,51;893,53;893,43;838,28;22.08.2021;793,49;;;;;;;
23.08.2021;779,65;777,33;775,12;;752,76;776,60;803,06;830,48;831,74;843,02;844,18;849,14;843,24;842,50;845,03;843,66;835,96;832,90;844,08;853,89;844,50;837,33;835,85;828,05;816,24;23.08.2021;823,60;;;;;;;
24.08.2021;823,09;802,30;797,47;;807,34;823,30;845,23;860,35;860,46;881,55;890,90;876,31;857,10;869,06;841,77;819,83;832,53;852,37;860,04;856,47;849,64;846,81;844,81;839,57;818,05;24.08.2021;844,01;;;;;;;
25.08.2021;837,21;825,25;818,48;;779,37;758,15;769,38;834,92;856,87;876,43;877,47;853,13;807,15;766,16;742,34;728,61;732,25;747,33;801,94;832,94;851,67;832,42;844,91;813,49;758,36;25.08.2021;806,09;;;;;;;
26.08.2021;784,58;772,74;759,24;;770,35;787,49;821,56;851,68;877,85;921,47;934,66;952,32;944,43;915,14;906,83;862,89;829,14;829,35;889,48;886,57;889,79;890,42;892,39;855,00;814,29;26.08.2021;859,99;;;;;;;
27.08.2021;832,22;802,07;800,41;;791,09;793,89;842,99;891,17;898,00;1022,43;1008,34;1003,16;931,57;903,18;900,18;872,42;854,39;888,89;909,61;924,63;907,54;905,57;906,40;903,18;894,07;27.08.2021;891,14;;;;;;;
28.08.2021;891,86;844,68;818,75;;810,25;809,31;810,35;811,80;857,85;904,52;916,75;891,14;874,86;865,21;803,92;771,88;796,14;844,16;886,47;908,87;934,49;928,57;925,88;912,71;881,18;28.08.2021;862,57;;;;;;;
29.08.2021;889,59;838,78;799,29;;755,06;745,08;744,88;755,68;777,07;816,05;855,14;854,31;885,68;871,18;835,08;801,55;832,30;842,90;893,09;908,83;954,29;1011,27;937,42;906,98;872,93;29.08.2021;849,35;;;;;;;
30.08.2021;857,19;830,76;811,11;;807,00;858,74;873,44;927,44;1018,37;1176,76;1145,29;1120,19;1163,08;1215,95;1120,09;1047,99;1008,70;1008,60;1088,00;1118,86;1283,12;1293,71;1143,23;1060,95;934,85;30.08.2021;1038,06;;;;;;;
31.08.2021;945,42;896,70;888,28;;887,77;889,41;925,52;1143,10;1336,58;1362,02;1350,33;1243,84;1155,00;1129,67;1040,31;972,40;948,71;979,79;1071,71;1230,81;1332,68;1340,99;1204,35;1057,04;987,18;31.08.2021;1096,65;;;;;;;
01.09.2021;941,32;922,81;905,83;;894,68;936,82;1007,09;1152,02;1225,57;1357,62;1283,87;1161,95;1090,04;1031,74;973,33;943,37;948,99;998,39;1119,40;1290,11;1175,55;1166,65;1166,24;1131,67;1020,28;01.09.2021;1076,89;;;;;;;
02.09.2021;997,08;966,15;950,33;;954,95;964,20;1047,63;1062,84;1108,25;1197,23;1215,32;1133,84;1041,46;994,51;995,74;975,40;963,58;958,13;1006,12;1029,65;1043,11;1036,74;1090,37;1057,29;985,05;02.09.2021;1032,29;;;;;;;
03.09.2021;1009,63;965,88;955,68;;914,92;938,49;975,35;1000,98;979,78;993,36;1002,94;999,54;972,05;955,07;940,14;947,04;951,88;971,44;985,13;986,06;982,45;979,05;979,57;978,64;982,86;03.09.2021;972,83;;;;;;;
04.09.2021;996,76;989,47;978,06;;954,74;954,13;969,02;984,33;998,30;1057,57;1052,85;981,04;969,74;946,94;921,05;918,58;945,91;969,74;981,97;1108,73;1128,66;1115,72;1079,97;1018,64;997,38;04.09.2021;1000,80;;;;;;;
05.09.2021;1090,26;977,65;958,61;;939,87;935,65;938,33;937,61;947,18;949,86;952,12;937,30;904,36;883,67;888,82;905,80;935,96;950,68;957,78;974,05;1090,26;1192,57;1217,58;1126,38;1038,28;05.09.2021;984,61;;;;;;;
06.09.2021;1060,30;1047,33;1015,94;;981,25;1009,35;1089,54;1209,45;1518,25;1599,15;1388,96;1277,08;1101,99;1055,16;1032,00;1059,27;1138,63;1283,36;1337,29;1337,29;1321,34;1187,84;1177,75;1131,12;1107,24;06.09.2021;1186,12;;;;;;;
07.09.2021;1105,79;1116,29;1081,62;;1077,30;1078,43;1106,82;1158,35;1180,06;1381,24;1269,13;1144,88;1144,47;1082,65;1059,41;1059,10;1061,67;1056,42;1040,58;1044,29;1035,85;1086,77;1177,18;1176,46;1089,54;07.09.2021;1117,26;;;;;;;
08.09.2021;1129,40;1097,85;1064,13;;1045,94;1087,88;1099,90;1065,88;1068,35;1088,49;1086,03;1085,62;1068,76;1058,27;1028,06;1037,20;1084,28;1089,73;1086,03;1098,15;1106,58;1110,69;1108,33;1115,01;1103,09;08.09.2021;1083,90;;;;;;;
09.09.2021;1074,87;1074,77;1045,17;;1019,38;1036,23;1076,62;1057,91;1064,08;1094,91;1095,63;1101,79;1099,43;1095,94;1108,57;1110,32;1109,81;1091,21;1089,77;1127,59;1130,57;1113,40;1121,21;1099,53;1108,16;09.09.2021;1089,45;;;;;;;
10.09.2021;1155,67;1140,54;1135,09;;1113,08;1134,48;1141,06;1079,96;1094,98;1108,86;1111,23;1109,48;1106,19;1102,69;1116,89;1102,69;1080,47;1087,06;1098,06;1116,27;1130,77;1100,94;1085,00;1092,41;1095,59;10.09.2021;1109,98;;;;;;;
11.09.2021;1094,68;1086,08;1081,17;;1076,16;1075,04;1077,39;1074,22;1071,25;1081,89;1107,97;1113,80;1105,11;1114,62;1095,49;1066,44;1073,40;1108,79;1123,32;1105,62;1104,90;1103,88;1088,85;1066,96;1059,80;11.09.2021;1089,87;;;;;;;
12.09.2021;1044,26;985,80;984,36;;948,12;969,93;970,65;950,27;1008,94;1051,63;1048,25;1035,04;1020,91;961,74;883,52;736,20;921,40;973,72;1023,17;1060,43;1063,09;1063,20;1060,33;1053,98;1043,44;12.09.2021;994,27;;;;;;;
13.09.2021;1043,85;1042,62;1033,10;;1029,62;1042,31;1049,27;1052,55;1060,33;1069,95;1070,46;1068,11;1064,73;1064,73;1064,94;1064,32;1063,91;1064,32;1075,89;1079,99;1082,44;1082,95;1073,74;1072,72;1066,16;13.09.2021;1061,79;;;;;;;
14.09.2021;1075,03;1068,21;1066,78;;1063,72;1067,39;1069,43;1087,26;1118,95;1139,13;1180,40;1316,54;1223,20;1194,26;1160,32;1237,16;1490,99;1427,50;1330,50;1208,11;1186,61;1218,51;1121,81;1087,87;1077,68;14.09.2021;1175,72;;;;;;;
15.09.2021;1127,15;1119,73;1105,40;;1096,97;1096,46;1090,36;1163,32;1163,12;1170,03;1163,53;1169,83;1185,58;1182,02;1182,53;1182,02;1178,87;1178,87;1201,23;1219,62;1212,61;1173,38;1162,92;1129,79;1107,53;15.09.2021;1156,79;;;;;;;
16.09.2021;1147,18;1131,47;1126,31;;1123,27;1123,06;1126,61;1145,76;1205,03;1236,14;1224,89;1255,19;1317,10;1318,52;1339,59;1285,59;1290,15;1316,49;1364,01;1340,50;1334,32;1215,37;1200,58;1209,70;1195,21;16.09.2021;1232,17;;;;;;;
17.09.2021;1182,32;1162,87;1145,34;;1134,10;1141,90;1178,26;1205,01;1202,88;1221,82;1222,23;1303,67;1256,56;1263,05;1315,62;1305,29;1252,31;1322,71;1332,84;1317,14;1232,05;1194,37;1196,09;1179,58;1175,02;17.09.2021;1226,79;;;;;;;
18.09.2021;1134,53;1130,78;1130,37;;1130,07;1128,04;1130,47;1133,31;1130,07;1139,90;1168,47;1177,79;1163,50;1126,62;1105,75;1092,99;1118,62;1137,46;1161,68;1157,02;1148,41;1140,30;1134,93;1114,16;1063,50;18.09.2021;1133,28;;;;;;;
19.09.2021;949,52;908,54;849,43;;813,48;769,84;800,98;809,99;817,78;862,44;874,12;849,33;853,43;874,84;837,34;850,56;914,17;992,44;1104,51;1144,15;1213,81;1216,99;1134,42;1102,97;986,09;19.09.2021;938,80;;;;;;;
20.09.2021;1012,52;955,25;982,09;;980,35;1021,02;1088,43;1108,61;1224,57;1301,50;1308,06;1300,37;1228,87;1225,69;1233,28;1247,92;1227,74;1238,50;1230,61;1225,80;1228,26;1224,26;1178,57;1110,76;1091,09;20.09.2021;1165,59;;;;;;;
21.09.2021;1122,85;1110,15;1102,98;;1103,59;1110,25;1121,32;1176,02;1229,91;1294,05;1271,40;1272,02;1255,22;1249,07;1244,87;1248,56;1247,02;1247,84;1248,76;1256,86;1272,22;1258,50;1205,63;1138,12;1117,32;21.09.2021;1204,36;;;;;;;
22.09.2021;1142,10;1031,18;980,65;;962,75;1007,79;1126,75;1183,69;1285,46;1312,81;1274,08;1259,23;1224,05;1197,82;1169,15;1163,66;1147,09;1146,07;1163,86;1164,47;1179,83;1181,76;1176,88;1150,44;1030,06;22.09.2021;1152,57;;;;;;;
23.09.2021;996,64;995,22;896,04;;861,90;862,00;888,75;1008,09;1112,02;1075,05;1079,40;1068,16;1002,41;1033,41;995,22;981,44;1046,58;1078,70;1037,26;973,74;1008,49;977,49;979,62;955,61;923,60;23.09.2021;993,20;;;;;;;
24.09.2021;909,34;919,42;920,73;;923,36;957,33;974,26;1058,13;1153,09;1175,97;1194,92;1169,82;1099,36;1020,43;933,33;852,99;918,32;945,83;999,16;1000,67;1007,83;990,89;969,42;938,78;861,97;24.09.2021;995,64;;;;;;;
25.09.2021;939,43;959,29;947,30;;951,53;971,49;973,91;1052,35;1113,45;1127,96;1131,49;1114,55;1036,02;976,94;1007,59;1030,47;1116,17;1170,11;1210,53;1221,02;1222,03;1197,83;1180,39;1161,03;1137,84;25.09.2021;1081,28;;;;;;;
26.09.2021;1148,33;1122,24;1102,36;;1034,11;1024,28;1020,16;1087,81;1098,85;1139,20;1120,63;1092,63;1036,02;1001,59;934,85;929,63;982,92;1091,42;1119,13;1130,27;1144,52;1130,47;1121,84;1099,75;1074,16;26.09.2021;1074,47;;;;;;;
27.09.2021;1095,44;1085,50;1032,91;;974,59;998,38;1095,84;1103,37;1132,68;1153,75;1159,27;1154,96;1133,98;1108,08;1090,22;1080,38;1091,52;1088,71;1097,85;1108,08;1106,28;1081,59;1050,97;971,28;943,18;27.09.2021;1080,78;;;;;;;
28.09.2021;986,84;973,79;958,93;;958,33;1030,92;1084,72;1083,52;1115,24;1155,20;1165,24;1159,92;1146,77;1127,29;1126,49;1138,33;1133,51;1140,24;1158,71;1170,46;1171,56;1138,13;1103,40;1081,61;1074,48;28.09.2021;1099,32;;;;;;;
29.09.2021;1076,69;1057,39;935,27;;868,40;875,37;1005,68;1091,74;1118,00;1150,83;1137,09;1129,52;1126,08;1122,55;1091,74;1060,52;1005,68;1051,13;1121,13;1120,53;1115,48;1093,45;1015,78;953,55;863,65;29.09.2021;1049,47;;;;;;;
30.09.2021;832,98;682,65;639,44;;650,09;856,20;924,37;1042,23;1128,55;1134,03;1109,89;1035,13;997,50;900,02;866,25;869,90;964,84;1063,64;1089,91;1064,75;1092,04;1048,22;978,53;958,55;864,93;30.09.2021;949,78;;;;;;;
01.10.2021;889,84;705,48;593,64;;474,54;574,64;682,50;896,99;926,31;953,17;946,22;894,44;843,06;688,93;566,88;871,36;891,89;896,99;903,94;919,46;917,63;906,08;898,01;911,29;912,93;01.10.2021;819,43;;;;;;;
02.10.2021;893,93;916,57;947,98;;944,35;941,44;942,34;945,16;956,13;984,62;1035,85;1047,63;1030,72;976,46;892,11;882,65;850,64;887,58;952,61;1030,01;979,89;904,09;784,01;405,74;147,06;02.10.2021;886,65;;;;;;;
03.10.2021;0,50;-0,30;-10,21;;-19,12;-19,72;-10,11;0,10;0,80;17,22;350,49;573,53;660,53;653,82;658,42;662,33;695,86;852,74;913,80;941,53;969,37;965,26;950,64;930,32;896,79;03.10.2021;484,77;;;;;;;
04.10.2021;765,04;733,31;726,30;;696,47;881,87;935,53;900,59;917,51;959,75;983,28;957,85;954,55;953,15;932,32;931,32;934,03;940,73;944,94;940,83;958,45;940,53;936,33;899,99;752,73;04.10.2021;894,89;;;;;;;
05.10.2021;938,94;919,34;911,94;;909,45;912,94;919,64;939,54;964,44;981,73;978,63;977,63;970,83;968,64;956,04;954,54;955,64;960,34;954,44;1068,42;1077,82;1057,42;1048,82;1035,42;971,13;05.10.2021;972,24;;;;;;;
06.10.2021;922,92;911,21;763,03;;619,41;878,85;929,76;1046,08;1059,58;1111,69;1118,54;1124,19;1120,92;1110,89;1086,38;1092,63;1095,91;1096,70;1110,40;1124,89;1129,85;1108,91;1084,20;1070,80;1046,48;06.10.2021;1031,84;;;;;;;
07.10.2021;1149,78;1143,02;1139,14;;1137,55;1143,02;1153,86;1214,92;1216,11;1228,34;1244,16;1236,30;1208,56;1185,28;1162,21;1146,10;1172,95;1194,93;1285,92;1363,29;1320,23;1208,46;1180,21;1163,80;1143,02;07.10.2021;1197,55;;;;;;;
08.10.2021;1195,02;1186,06;1168,34;;1163,07;1163,07;1189,64;1193,82;1221,10;1263,60;1251,55;1256,33;1232,44;1229,36;1193,03;1173,22;1158,99;1169,14;1216,02;1262,00;1234,53;1193,92;1205,87;1194,42;1173,12;08.10.2021;1203,65;;;;;;;
09.10.2021;1148,59;1117,63;1098,14;;1093,39;1092,20;1094,87;1101,40;1117,03;1145,53;1193,51;1167,10;1090,42;1016,81;957,05;979,90;1050,15;1140,18;1241,10;1275,34;1238,83;1193,02;1187,18;1158,19;1107,53;09.10.2021;1125,21;;;;;;;
10.10.2021;1104,32;1074,05;1044,77;;1043,68;1043,68;1047,13;1066,36;1084,40;1098,60;1111,12;1117,73;1094,26;1026,33;933,45;944,19;1019,82;1105,50;1142,97;1167,03;1180,83;1181,92;1159,04;1128,48;1110,04;10.10.2021;1084,57;;;;;;;
11.10.2021;1083,91;1062,12;1039,34;;1025,34;1014,79;1038,26;1084,01;1131,34;1178,96;1154,21;1113,49;1081,74;1058,67;1034,51;1004,93;1027,71;1050,29;1088,94;1150,66;1151,65;1088,05;1076,61;1060,25;982,75;11.10.2021;1074,27;;;;;;;
12.10.2021;982,28;960,70;928,53;;944,86;981,58;1028,90;1107,09;1237,05;1384,73;1374,34;1296,14;1226,16;1231,81;1182,22;1175,59;1158,96;1180,04;1198,45;1217,75;1236,36;1202,41;1188,45;1117,68;1077,20;12.10.2021;1150,80;;;;;;;
13.10.2021;1141,02;1113,99;1103,14;;1085,68;1083,60;1085,48;1284,17;1354,51;1512,05;1508,31;1502,98;1398,11;1368,91;1397,42;1421,69;1277,16;1274,79;1332,51;1384,10;1412,02;1326,59;1277,46;1171,21;1045,62;13.10.2021;1285,94;;;;;;;
14.10.2021;986,60;970,23;945,00;;944,90;949,53;975,95;1056,20;1121,46;1151,82;1131,91;1097,70;1061,42;1035,10;993,80;974,87;968,85;956,33;971,71;969,84;939,87;925,08;906,26;877,17;856,27;14.10.2021;990,33;;;;;;;
15.10.2021;747,63;734,23;695,78;;685,61;725,72;731,69;841,84;880,39;915,90;906,80;852,51;843,61;828,54;775,51;834,41;848,69;868,36;924,12;968,93;969,61;928,13;916,59;917,96;914,92;15.10.2021;844,06;;;;;;;
16.10.2021;918,96;925,60;920,33;;923,06;926,18;926,28;924,82;943,16;940,43;950,38;928,04;924,04;912,14;897,79;900,82;926,48;981,31;1045,51;1088,92;1073,61;1077,12;1065,70;1017,31;994,68;16.10.2021;963,86;;;;;;;
17.10.2021;1016,51;1012,88;988,54;;1021,22;1050,07;1080,30;1068,62;1089,04;1103,37;1106,71;1127,91;1131,83;1108,37;1045,46;995,31;1045,95;1064,40;1099,44;1165,99;1180,61;1160,39;1087,57;1083,54;1082,95;17.10.2021;1079,87;;;;;;;
18.10.2021;1087,57;1086,29;1036,73;;1046,74;1090,51;1116,52;1205,34;1619,43;2549,17;2379,87;1619,43;1309,08;1255,99;1225,46;1237,63;1236,85;1221,64;1291,12;1318,51;1316,05;1217,02;1158,43;1112,40;1000,02;18.10.2021;1322,41;;;;;;;
19.10.2021;1029,63;1004,54;964,51;;915,59;942,73;1028,27;1296,10;1895,72;2229,95;2130,35;2029,98;1886,83;1886,93;1785,29;1720,26;1587,85;1592,44;1698,09;1701,22;1293,66;1085,78;927,40;880,93;760,83;19.10.2021;1428,12;;;;;;;
20.10.2021;858,35;640,62;389,04;;100,88;100,50;616,79;889,48;996,10;1037,45;986,18;907,77;889,18;885,68;891,52;890,26;883,64;886,66;913,02;974,50;1011,76;910,98;885,68;872,55;787,23;20.10.2021;800,24;;;;;;;
21.10.2021;868,95;806,90;545,45;;189,46;293,65;519,20;869,24;963,78;1085,92;1039,09;904,85;878,41;876,46;874,90;873,34;872,75;873,34;874,22;914,02;909,53;875,88;872,85;869,34;861,24;21.10.2021;813,03;;;;;;;
22.10.2021;796,28;802,48;784,95;;750,35;770,02;814,69;872,54;1001,41;1021,27;927,96;862,66;851,61;843,08;844,34;842,21;825,06;844,25;850,35;892,89;895,41;856,94;848,12;824,87;771,19;22.10.2021;849,79;;;;;;;
23.10.2021;762,17;755,28;756,35;;788,47;798,07;821,75;850,66;877,35;916,35;977,97;1001,54;1009,01;986,50;992,13;1012,99;1031,33;1095,47;1287,10;1885,78;1675,90;1294,96;1195,12;1067,91;1023,38;23.10.2021;1035,98;;;;;;;
24.10.2021;1003,48;968,32;886,92;;886,73;843,79;829,71;789,30;808,15;879,83;834,76;829,32;824,76;789,11;776,48;710,43;791,73;859,34;935,68;950,45;937,82;884,20;804,36;792,99;790,57;24.10.2021;850,34;;;;;;;
25.10.2021;794,16;794,74;813,20;;795,91;836,61;895,66;931,12;998,33;1122,18;1116,25;1053,99;1020,67;994,93;988,43;990,47;1031,07;1116,35;1184,34;1212,22;1150,15;982,21;960,26;935,97;901,10;25.10.2021;984,18;;;;;;;
26.10.2021;821,75;823,02;830,89;;852,07;871,79;899,58;996,05;1080,19;1136,15;1117,31;1098,65;1067,08;1068,92;1018,21;996,05;978,47;994,01;1056,97;1099,04;1027,82;954,37;923,38;858,77;793,38;26.10.2021;973,50;;;;;;;
27.10.2021;762,11;730,78;675,31;;655,42;630,21;660,08;780,83;818,36;833,97;826,41;833,49;849,20;834,17;823,89;820,78;818,55;818,36;820,88;821,56;821,08;815,06;810,99;807,01;768,80;27.10.2021;784,89;;;;;;;
28.10.2021;759,80;740,32;682,94;;668,23;670,47;661,41;761,84;785,42;807,04;786,78;783,57;780,94;776,94;775,48;776,94;779,67;786,59;838,21;846,49;801,20;780,84;770,81;714,40;665,70;28.10.2021;758,42;;;;;;;
29.10.2021;683,68;683,68;698,04;;656,14;700,48;751,26;759,56;844,33;908,68;878,41;855,26;840,03;802,43;766,30;757,61;762,49;771,47;847,35;908,19;841,20;772,06;752,63;749,01;658,88;29.10.2021;777,05;;;;;;;
30.10.2021;681,22;681,80;688,82;;660,85;664,07;730,90;749,03;775,72;817,32;829,99;854,15;847,72;766,86;743,18;677,22;677,32;731,10;712,39;758,38;723,89;683,36;675,86;671,47;573,75;30.10.2021;724,02;;;;;;;
31.10.2021;601,64;615,12;694,55;648,92;574,57;590,11;541,06;550,64;571,45;614,63;712,53;654,00;653,12;620,40;564,71;564,90;634,85;703,44;773,10;728,26;626,06;548,00;548,00;573,30;525,33;31.10.2021;617,31;;;Wintertime;;;;
01.11.2021;597,04;521,23;441,90;;221,78;205,27;420,31;586,49;735,68;842,56;811,89;783,46;740,66;746,92;761,77;770,95;823,22;829,08;890,34;877,74;798,80;758,15;742,13;724,93;710,28;01.11.2021;680,94;;;;;;;
02.11.2021;721,26;725,94;739,40;;799,07;828,03;862,45;884,19;888,78;928,36;898,53;903,11;904,86;925,83;948,55;943,19;952,45;966,59;962,69;945,04;886,44;858,65;833,49;831,83;827,64;02.11.2021;873,60;;;;;;;
03.11.2021;840,63;832,78;829,93;;830,62;832,78;856,13;886,65;974,27;1035,21;981,24;980,85;966,62;969,27;995,08;995,57;1007,24;1065,53;1171,70;1170,23;1020,69;937,57;912,16;889,89;876,74;03.11.2021;952,47;;;;;;;
04.11.2021;912,88;900,16;897,00;;898,78;905,19;938,53;1021,96;1177,40;1224,84;1225,03;1190,02;1109,25;1064,86;1064,86;1062,89;1102,54;1191,70;1231,15;1156,00;1008,85;967,52;963,08;952,04;916,33;04.11.2021;1045,12;;;;;;;
05.11.2021;914,37;862,91;860,05;;857,68;856,98;867,35;937,77;989,72;1011,45;992,88;960,49;919,80;864,69;848,98;844,64;845,13;868,24;897,28;874,96;844,54;810,86;791,01;778,76;774,52;05.11.2021;878,13;;;;;;;
06.11.2021;778,69;770,27;762,04;;747,87;772,94;777,20;774,13;780,67;799,10;826,95;830,02;807,13;777,99;777,60;780,17;795,93;810,89;821,60;809,51;782,26;761,15;709,22;696,94;673,35;06.11.2021;775,98;;;;;;;
07.11.2021;693,93;639,46;524,60;;371,28;283,21;416,65;592,90;593,79;684,44;734,06;764,90;770,83;757,78;732,08;760,35;769,55;787,24;828,86;825,10;839,73;820,26;783,58;780,32;779,83;07.11.2021;688,95;;;;;;;
08.11.2021;769,25;764,11;762,83;;776,86;829,25;887,77;976,74;1133,91;1284,85;1291,57;1236,22;1164,65;1084,29;1123,63;1161,78;1261,13;2196,94;2778,28;2668,65;1220,11;1038,91;1003,62;948,66;866,22;08.11.2021;1217,93;;;;;;;
09.11.2021;873,30;838,39;818,31;;795,08;779,15;788,75;875,08;947,86;959,53;916,22;863,31;837,60;818,02;808,43;806,15;808,23;832,85;845,02;832,16;808,03;779,45;763,83;751,37;745,24;09.11.2021;828,81;;;;;;;
10.11.2021;787,50;775,11;765,28;;786,91;790,26;794,49;810,91;835,21;892,05;934,93;930,90;895,30;890,48;898,45;889,79;895,89;935,23;962,08;959,92;955,98;937,49;923,72;901,20;865,10;10.11.2021;875,59;;;;;;;
11.11.2021;886,49;871,48;865,76;;863,78;860,53;860,92;879,08;882,34;900,11;913,73;912,15;899,42;888,26;883,33;888,76;880,96;893,30;932,98;926,96;917,09;901,49;897,25;884,71;867,93;11.11.2021;889,95;;;;;;;
12.11.2021;906,48;895,62;890,34;;887,95;891,93;895,12;923,02;968,05;993,86;973,93;960,78;933,58;932,68;933,08;932,38;934,97;971,54;996,45;974,43;927,80;865,73;860,55;829,16;816,11;12.11.2021;920,65;;;;;;;
13.11.2021;813,08;810,69;808,90;;809,80;814,47;827,89;857,01;871,82;910,09;936,53;957,80;961,28;957,60;950,94;948,65;952,53;972,31;985,53;976,88;966,74;953,13;950,24;955,21;950,64;13.11.2021;912,49;;;;;;;
14.11.2021;973,31;961,39;957,81;;956,02;951,65;930,28;931,08;952,34;963,07;966,25;975,79;978,97;969,93;966,45;966,75;976,39;1021,30;1063,44;1025,28;993,38;966,55;966,25;936,74;923,53;14.11.2021;969,75;;;;;;;
15.11.2021;921,84;905,34;903,85;;904,65;912,30;928,79;975,40;999,05;1016,04;994,57;990,00;978,48;979,07;989,71;992,79;1000,83;1017,73;1057,08;1011,57;973,81;955,82;955,52;934,95;926,90;15.11.2021;967,75;;;;;;;
16.11.2021;954,86;938,02;930,49;;928,81;930,49;946,34;952,29;985,96;1008,25;987,25;986,16;981,11;976,45;975,46;968,73;979,03;981,70;993,19;977,54;940,99;934,56;931,68;919,30;889,49;16.11.2021;958,26;;;;;;;
17.11.2021;928,57;914,82;884,35;;867,14;867,84;873,28;892,17;930,25;950,33;949,83;942,12;925,50;901,07;887,92;882,57;889,70;909,97;929,26;898,30;867,34;847,07;838,95;831,83;825,21;17.11.2021;893,14;;;;;;;
18.11.2021;836,70;833,63;833,43;;838,18;847,78;858,07;901,31;989,57;1026,97;985,12;958,00;927,92;900,32;896,26;886,96;898,34;913,08;908,63;883,89;866,58;861,73;854,21;852,33;823,34;18.11.2021;890,93;;;;;;;
19.11.2021;775,58;737,62;691,91;;689,03;776,38;822,88;855,77;861,04;864,92;862,73;861,04;859,65;857,66;856,07;855,18;855,28;858,76;859,55;858,36;856,57;856,57;855,97;857,56;856,57;19.11.2021;830,94;;;;;;;
20.11.2021;890,08;887,77;887,06;;886,86;887,77;887,87;887,97;894,01;897,94;898,84;911,43;904,58;897,94;894,21;895,32;897,43;914,45;906,49;904,78;897,63;891,79;864,51;883,34;883,34;20.11.2021;893,89;;;;;;;
21.11.2021;834,95;817,79;801,84;;803,04;816,89;822,61;855,41;883,20;906,18;946,01;949,02;959,76;948,32;947,12;963,97;999,19;1056,17;1073,53;1041,73;1001,80;988,95;999,39;989,35;972,40;21.11.2021;932,44;;;;;;;
22.11.2021;1022,96;1019,25;1027,18;;1027,88;1045,14;1092,19;1774,14;2003,89;2278,39;2233,95;1304,09;1179,68;1159,41;1121,19;1115,97;1118,08;1127,41;1119,98;1090,29;1076,54;983,74;952,83;914,71;903,07;22.11.2021;1237,17;;;;;;;
23.11.2021;917,79;916,29;914,88;;918,09;924,52;949,41;1118,33;1170,83;1394,96;1361,03;1289,87;1231,65;1208,97;1204,15;1203,75;1206,56;1294,59;1263,17;1149,95;1097,86;978,62;957,34;940,78;924,82;23.11.2021;1105,76;;;;;;;
24.11.2021;951,91;939,31;936,08;;938,91;962,49;1017,42;1074,07;1157,93;1188,78;1193,01;1196,24;1188,98;1182,93;1178,70;1169,22;1181,92;1208,73;1208,94;1162,37;1138,18;1062,98;1026,40;1014,60;971,66;24.11.2021;1093,82;;;;;;;
25.11.2021;994,59;992,49;997,80;;1011,81;1029,23;1073,38;1125,04;1209,33;1271,80;1221,74;1196,41;1168,28;1149,56;1136,05;1142,86;1154,57;1181,60;1183,70;1184,20;1166,48;1147,86;1105,31;1059,66;1028,03;25.11.2021;1122,16;;;;;;;
26.11.2021;1044,36;1047,27;1074,04;;1097,28;1107,45;1159,37;1226,78;1308,29;1319,36;1274,98;1231,61;1201,53;1183,72;1185,63;1178,59;1184,62;1212,19;1214,11;1208,57;1179,19;1147,19;1136,83;1103,42;1063,88;26.11.2021;1170,43;;;;;;;
27.11.2021;1157,54;1164,26;1170,27;;1166,09;1181,77;1197,75;1192,35;1234,39;1336,37;1394,28;1430,72;1497,59;1421,36;1393,67;1383,09;1406,40;2035,80;2667,96;2463,08;2108,68;1554,08;1425,02;1299,63;1220,95;27.11.2021;1479,30;;;;;;;
28.11.2021;1810,58;1434,90;1419,03;;1394,35;1433,98;1730,08;1676,41;1626,02;1843,97;1982,75;2012,76;2079,64;2082,71;1965,85;1966,36;2033,45;2151,74;2430,32;2458,18;2331,08;1940,14;1873,77;1907,27;1476,59;28.11.2021;1877,58;;;;;;;
29.11.2021;1545,42;1504,75;1403,56;;1359,01;1425,99;1562,93;2015,63;2226,82;3260,13;3077,52;2652,06;2676,85;2845,84;3267,10;3401,88;3494,57;3572,82;4186,83;4070,38;3520,07;3074,96;2047,07;1883,71;1331,97;29.11.2021;2558,66;;;;;;;
30.11.2021;1217,14;1062,22;995,76;;994,02;992,38;1039,01;1147,81;1238,82;1256,20;1254,67;1254,16;1235,96;1233,40;1242,81;1240,76;1318,17;1398,54;1778,62;2265,87;2304,73;2130,89;1707,56;1445,58;1266,84;30.11.2021;1375,91;;;;;;;
01.12.2021;1309,21;1128,34;1035,13;;997,88;997,37;1143,16;1229,68;1285,45;1317,55;1308,59;1297,07;1243,06;1227,93;1229,17;1232,77;1234,21;1253,96;1252,42;1242,95;1229,78;1244,19;1252,32;1230,09;1193,16;01.12.2021;1213,14;;;;;;;
02.12.2021;1187,58;1148,29;1081,17;;1095,18;1115,96;1148,70;1351,20;1518,50;1988,07;1988,69;1946,22;2206,84;2154,56;2242,25;2495,09;2957,29;3178,93;3442,32;2966,30;2169,19;1663,19;1597,70;1416,59;1300,45;02.12.2021;1890,01;;;;;;;
03.12.2021;1452,26;1322,20;1251,67;;1181,96;1220,41;1344,10;1685,14;2314,88;2559,79;2167,13;1801,01;1596,51;1397,77;1402,81;1392,32;1431,90;1590,75;1617,38;1421,42;1339,68;1213,73;1238,30;1240,15;1153,58;03.12.2021;1514,04;;;;;;;
04.12.2021;1211,84;1225,64;1261,47;;1297,09;1321,29;1328,08;1337,66;1320,98;1371,12;1383,89;1497,97;1540,59;1510,11;1399,95;1396,14;1400,26;1440,51;1456,58;1475,73;1452,25;1371,53;1334,05;1294,31;1204,53;04.12.2021;1368,07;;;;;;;
05.12.2021;1148,95;1100,13;1098,68;;1096,93;1102,20;1129,09;1120,40;1101,89;1124,13;1225,79;1328,49;1330,05;1339,87;1340,28;1351,35;1384,55;1494,90;1748,40;1682,31;1660,80;1572,58;1493,66;1385,58;1340,28;05.12.2021;1320,89;;;;;;;
06.12.2021;1334,80;1312,57;1302,33;;1339,15;1412,99;1691,72;1473,81;1945,11;1984,00;3640,97;2410,94;1613,12;1538,55;1510,11;1556,03;1581,68;2350,75;1945,11;2047,82;1504,83;1468,64;1535,03;1393,45;1306,77;06.12.2021;1716,68;;;;;;;
07.12.2021;1301,74;1237,37;1185,27;;1182,28;1309,47;1336,30;1426,56;1913,15;2755,12;2794,21;2735,93;2186,83;1946,78;1896,23;1983,30;1897,88;1817,83;2642,26;1884,16;1535,70;1478,45;1441,00;1263,98;1139,58;07.12.2021;1762,14;;;;;;;
08.12.2021;1144,13;1091,65;1097,16;;1092,27;1069,54;1121,82;1196,92;1374,73;1399,49;1399,39;1408,26;1411,21;1426,40;1449,94;1463,49;1485,60;1516,58;1542,36;1453,40;1412,03;1387,47;1377,08;1328,57;1263,76;08.12.2021;1329,72;;;;;;;
09.12.2021;1183,42;1157,84;1152,98;;1158,34;1169,97;1266,96;1373,95;1381,13;1391,45;1387,81;1390,74;1383,56;1379,92;1380,12;1383,36;1384,17;1390,84;1390,23;1380,53;1369,70;1363,94;1369,30;1366,67;1303,06;09.12.2021;1327,50;;;;;;;
10.12.2021;1342,48;1319,85;1289,00;;1296,41;1327,36;1340,96;1362,37;1387,54;2496,41;2491,13;1805,94;1408,04;1408,14;1408,14;1462,33;1684,77;1461,01;1462,33;1449,84;1433,71;1423,16;1465,57;1390,28;1361,56;10.12.2021;1511,60;;;;;;;
11.12.2021;1370,79;1359,13;1356,30;;1353,87;1355,18;1363,69;1359,74;1367,14;1412,22;1590,52;1983,49;2023,10;1983,89;1426,91;1660,93;1728,60;2586,27;2761,43;1993,11;1422,15;1407,56;1377,78;1381,42;1317,09;11.12.2021;1622,60;;;;;;;
12.12.2021;1336,76;1220,20;1156,20;;1131,19;1115,79;1105,67;1108,30;1142,43;1198,63;1325,83;1345,57;1360,06;1361,37;1365,93;1384,77;1410,59;1660,42;1768,68;1660,42;1541,33;1418,89;1402,79;1381,53;1362,39;12.12.2021;1344,41;;;;;;;
13.12.2021;1336,46;1326,03;1286,64;;1251,39;1315,60;1359,75;1377,58;1394,49;1435,60;1428,82;1417,27;1413,53;1416,97;1416,46;1420,92;1418,79;1448,87;1420,82;1406,13;1381,32;1333,32;1331,19;1284,81;1317,42;13.12.2021;1372,51;;;;;;;
14.12.2021;1306,19;1266,94;1264,91;;1266,63;1276,78;1329,01;1396,76;2210,25;3042,50;3136,41;2840,57;3337,94;2946,25;2993,72;3077,79;3452,34;3665,83;1761,97;1722,72;1442,40;1377,28;1372,52;1255,48;1218,76;14.12.2021;2081,75;;;;;;;
15.12.2021;1270,24;1216,70;1193,42;;1189,83;1197,32;1211,58;1266,14;1333,52;1382,86;1379,06;1365,52;1362,34;1353,63;1353,22;1353,22;1373,93;1376,29;1374,45;1343,47;1328,40;1302,86;1321,73;1289,42;1269,22;15.12.2021;1308,68;;;;;;;
16.12.2021;1345,29;1340,77;1335,12;;1338,10;1353,30;1414,52;1510,57;1576,73;1678,01;1661,17;1658,39;1631,38;1602,72;1574,26;1576,83;1623,36;1710,06;1806,42;1798,00;1660,86;1607,44;1640,52;1540,77;1490,54;16.12.2021;1561,46;;;;;;;
17.12.2021;1624,33;1585,54;1557,48;;1545,73;1603,06;1640,44;1789,64;1828,74;1994,36;2026,16;2024,24;2026,06;1975,62;1944,22;2006,72;1967,72;2010,06;2019,28;2006,41;1888,30;1672,04;1669,51;1637,00;1619,78;17.12.2021;1819,27;;;;;;;
18.12.2021;1752,77;1700,84;1721,55;;1683,60;1646,46;1601,46;1589,63;1570,24;1632,07;1671,25;1700,74;1667,07;1619,42;1574,42;1571,77;1570,75;1608,71;1620,13;1582,08;1563,41;1542,59;1426,99;1293,54;1249,87;18.12.2021;1590,06;;;;;;;
19.12.2021;1317,69;1301,93;1293,75;;1290,99;1290,68;1294,98;1319,43;1308,58;1354,93;1425,31;1442,30;1429,81;1457,23;1484,45;1506,13;1562,10;1585,83;1746,14;1785,22;1777,34;1785,53;1779,80;1762,72;1743,58;19.12.2021;1501,94;;;;;;;
20.12.2021;1677,80;1601,99;1568,95;;1536,31;1654,78;1785,94;2311,89;3890,76;4292,72;4060,59;3701,60;3366,04;2868,12;3485,53;4009,95;4246,68;4361,57;4560,96;4614,67;4357,07;2656,35;3683,59;2504,32;2211,94;20.12.2021;3125,42;;;;;;;
21.12.2021;2384,72;2130,19;2073,04;;2052,63;2263,68;3081,24;2567,30;2746,71;5038,46;5078,87;4978,04;4741,88;4492,36;4544,31;4704,43;4990,18;5339,21;6124,93;5928,27;5137,04;4649,01;3957,18;3221,57;2673,53;21.12.2021;3954,12;;;;;;;
22.12.2021;2311,30;2163,88;2130,02;;2168,34;2301,06;2661,48;2545,40;2545,60;2846,82;4720,84;2833,94;2774,83;2685,51;2665,94;2610,39;2605,82;2774,02;2740,97;2641,21;2685,61;2557,06;2499,87;2294,97;2052,56;22.12.2021;2617,39;;;;;;;
23.12.2021;2277,56;2211,90;2189,28;;2172,08;2202,15;2201,04;2312,45;2541,10;2781,62;2928,92;2991,56;2827,67;2737,98;2734,16;2731,64;2975,98;3225,04;2855,62;2443,67;2267,50;2079,27;1990,59;1728,35;1647,51;23.12.2021;2460,61;;;;;;;
24.12.2021;1651,71;1616,33;1603,80;;1610,11;1624,55;1653,51;1662,83;1789,72;1993,07;2083,08;2096,41;2158,65;2145,62;2145,72;2188,41;2220,59;2282,32;2256,37;2229,40;2208,86;2205,15;2224,79;2210,66;2231,61;24.12.2021;2003,89;;;;;;;
25.12.2021;2135,56;2011,90;1911,38;;1607,40;1539,49;1540,69;1560,11;1581,65;1772,92;2012,10;2128,41;2209,92;2181,84;2163,43;2175,20;2203,48;2257,31;2386,91;2387,31;2196,03;2170,47;2157,59;2106,58;1981,91;25.12.2021;2015,82;;;;;;;
26.12.2021;1849,80;1631,35;1597,34;;1565,65;1538,38;1539,39;1572,19;1683,88;1810,86;1930,80;2061,80;2101,65;2062,11;2011,70;2007,27;2008,17;2031,62;2188,99;2173,59;2113,93;2023,47;1945,49;1860,97;1780,97;26.12.2021;1878,81;;;;;;;
27.12.2021;1755,11;1642,62;1638,40;;1579,53;1574,10;1565,55;1606,30;1679,15;1754,01;2012,10;2062,41;2062,61;2113,42;2015,52;1952,63;1928,08;1873,44;2062,71;2083,84;1972,66;1730,66;1596,94;1549,04;1507,89;27.12.2021;1804,95;;;;;;;
28.12.2021;1435,45;1415,84;1397,83;;1392,90;1395,82;1342,72;1391,30;1436,05;1468,54;1488,45;1517,82;1523,25;1522,85;1518,33;1517,72;1512,99;1518,43;1551,21;1554,33;1549,10;1485,44;1508,47;1476,08;1469,24;28.12.2021;1474,59;;;;;;;
29.12.2021;1402,23;1399,84;1393,84;;1390,24;1393,54;1405,23;1439,80;1773,15;1914,74;1967,90;1979,19;1983,09;1994,98;1991,09;1991,69;1936,53;1897,66;1931,63;1804,43;1635,06;1418,52;1397,84;1344,58;1289,52;29.12.2021;1669,85;;;;;;;
30.12.2021;1314,22;1229,54;1183,60;;1229,64;1230,34;1196,08;1293,15;1334,70;1413,59;1471,11;1492,58;1496,98;1481,30;1479,70;1478,10;1479,10;1475,80;1505,76;1499,67;1475,11;1458,03;1429,37;1377,14;1366,45;30.12.2021;1391,29;;;;;;;
31.12.2021;1394,21;1283,13;1148,20;;1133,13;1141,51;1126,54;1232,23;1243,01;1361,37;1405,78;1443,01;1446,80;1448,90;1449,40;1451,99;1459,08;1462,07;1469,46;1440,41;1410,57;1416,86;1402,19;1389,02;1380,23;31.12.2021;1355,80;;;;;;;
01.01.2022;1327,64;1291,77;1319,55;;1113,34;1122,43;1137,92;1221,34;1184,67;1183,57;1177,48;1199,16;1169,59;1170,59;1199,66;1244,22;1247,71;1354,61;1498,28;1505,67;1436,73;1402,27;1397,17;1349,52;1233,03;01.01.2022;1270,33;;;;;;;
02.01.2022;1135,15;1116,15;1064,87;;1044,58;1040,18;1058,18;1119,25;1051,78;1114,85;1157,64;1218,91;1212,51;1123,85;1113,45;1114,35;1181,43;1222,51;1297,38;1359,16;1282,79;1162,73;1101,56;1047,68;1101,16;02.01.2022;1143,42;;;;;;;
;;;;;;;;;;;;;;;;;;;;;;;;;;;;;;;;;;
