;;;;;;;;;;;;;;;;;;;;;;;;;;;;;;;;;;
;;;;;;;;;;;;;;;;;;;;;;;;;;;;;;;;;;
;;;;;;;;;;;;;;;;;;;;;;;;;;;;;;;;;;
;;;;;;;;;;;;;;;;;;;;;;;;;;;;;;;;;;
;;;;;;;;;;;;;;;;;;;;;;;;;;;;;;;;;;
Dato;1;2;3;3B;4;5;6;7;8;9;10;11;12;13;14;15;16;17;18;19;20;21;22;23;24;Date;Døgnpris;;;;;;;
01.01.2022;1327,64;1291,77;1319,55;;1113,34;1122,43;1137,92;1221,34;1184,67;1183,57;1177,48;1199,16;1169,59;1170,59;1199,66;1244,22;1247,71;1354,61;1498,28;1505,67;1436,73;1402,27;1397,17;1349,52;1233,03;01.01.2022;1270,33;;;;;;;
02.01.2022;1135,15;1116,15;1064,87;;1044,58;1040,18;1058,18;1119,25;1051,78;1114,85;1157,64;1218,91;1212,51;1123,85;1113,45;1114,35;1181,43;1222,51;1297,38;1359,16;1282,79;1162,73;1101,56;1047,68;1101,16;02.01.2022;1143,42;;;;;;;
03.01.2022;1249,40;1233,61;1226,81;;1215,01;1221,61;1235,21;1206,32;1209,52;1265,49;1325,07;1229,21;1230,81;1239,20;1266,19;1336,97;1376,65;1374,25;1436,73;1450,72;1427,53;1421,63;1395,44;1307,38;1135,95;03.01.2022;1292,36;;;;;;;
04.01.2022;1318,09;1319,69;1286,56;;1155,77;1134,65;1331,60;1435,48;1550,46;1680,06;1667,75;1674,15;1647,43;1601,00;1558,07;1552,76;1585,69;1614,71;1678,86;1645,83;1539,95;1469,20;1416,76;1373,23;1143,36;04.01.2022;1474,21;;;;;;;
05.01.2022;1333,09;1235,37;1117,92;;1035,01;1059,94;1218,35;1385,06;1389,26;1389,66;1393,27;1392,57;1382,45;1371,04;1370,44;1367,83;1372,24;1418,50;1482,78;1439,43;1402,68;1378,25;1391,77;1370,94;1356,92;05.01.2022;1335,62;;;;;;;
06.01.2022;1257,28;1248,59;1249,29;;1298,46;1399,29;1467,95;1517,91;1535,20;1825,21;2057,36;2091,14;2245,64;2188,48;2025,78;2092,24;2239,34;2386,65;2659,87;2647,88;2138,01;2114,52;1966,72;1558,29;1396,89;06.01.2022;1858,67;;;;;;;
07.01.2022;1346,16;1300,74;1231,40;;1226,58;1226,78;1277,93;1408,77;1533,88;1570,66;1579,20;1577,89;1616,98;1625,02;1619,40;1633,97;1784,90;1966,69;2367,24;2417,09;1736,67;1612,86;1587,24;1546,54;1454,69;07.01.2022;1593,72;;;;;;;
08.01.2022;1489,76;1464,60;1450,16;;1461,19;1473,52;1472,62;1469,41;1475,63;1495,88;1519,34;1548,72;1543,10;1545,81;1519,34;1520,54;1546,81;1567,46;1519,44;1487,56;1404,44;1283,83;1269,49;1235,10;1222,57;08.01.2022;1457,76;;;;;;;
09.01.2022;1255,18;1153,23;1118,48;;1090,83;1027,84;997,59;1018,12;1018,33;1120,38;1287,53;1351,62;1447,67;1488,93;1504,05;1506,16;1540,01;1812,41;2164,74;2364,84;2002,30;1544,41;1506,86;1484,52;1450,07;09.01.2022;1427,34;;;;;;;
10.01.2022;1444,96;1382,97;1371,25;;1392,69;1432,04;1523,18;1666,10;2493,74;2861,49;3053,77;3009,21;3006,10;2908,36;2804,50;1601,80;1696,54;1620,13;1634,15;1807,31;1552,73;1600,20;1629,04;1557,13;1503,15;10.01.2022;1939,69;;;;;;;
11.01.2022;1475,75;1438,33;1402,82;;1400,41;1416,32;1471,75;1476,65;1523,58;1538,38;1536,18;1535,48;1562,50;1538,48;1530,98;1531,78;1540,39;1565,10;1686,86;1632,33;1534,78;1532,08;1537,08;1506,37;1454,34;11.01.2022;1515,36;;;;;;;
12.01.2022;1433,51;1408,91;1395,11;;1392,61;1401,31;1418,01;1418,31;1465,72;1490,02;1460,52;1436,21;1402,01;1400,11;1390,51;1373,51;1365,61;1366,51;1365,51;1353,21;1328,61;1311,90;1307,20;1291,20;1278,20;12.01.2022;1385,60;;;;;;;
13.01.2022;1255,53;1238,36;1214,23;;1205,50;1200,83;1206,29;1234,88;1289,48;1316,78;1323,33;1324,52;1318,46;1293,65;1290,17;1289,58;1288,58;1294,04;1292,75;1293,85;1280,45;1254,34;1252,35;1204,61;1174,43;13.01.2022;1264,04;;;;;;;
14.01.2022;1159,95;1128,15;1109,77;;1101,82;1126,07;1195,71;1240,92;1277,28;1291,29;1291,29;1305,10;1291,09;1286,62;1284,14;1318,81;1351,10;1367,89;1407,63;1398,89;1403,56;1402,07;1404,95;1400,48;1396,01;14.01.2022;1289,19;;;;;;;
15.01.2022;1415,81;1398,70;1395,31;;1395,71;1398,80;1414,92;1418,50;1422,58;1492,44;1690,98;2025,35;1954,79;1571,46;1522,99;1497,72;1790,39;2082,57;1587,68;1584,99;1529,26;1442,48;1435,42;1392,93;1372,13;15.01.2022;1551,41;;;;;;;
16.01.2022;1369,74;1361,14;1338,74;;1336,34;1335,44;1333,84;1278,45;1247,45;1266,65;1273,05;1278,45;1277,35;1269,45;1264,05;1227,25;1258,45;1265,85;1294,34;1261,75;1253,55;1253,75;1243,65;1206,65;1157,35;16.01.2022;1277,20;;;;;;;
17.01.2022;1209,15;1193,85;1190,95;;1196,45;1203,75;1218,55;1247,45;1262,95;1300,24;1295,04;1288,24;1278,35;1275,65;1298,74;1345,74;1398,44;1448,64;1506,14;1499,54;1447,54;1435,64;1425,14;1400,94;1390,54;17.01.2022;1323,24;;;;;;;
18.01.2022;1406,60;1389,76;1385,98;;1384,98;1394,25;1447,84;1540,97;2583,79;2779,13;2399,21;1935,33;1584,30;1523,04;1505,91;1489,57;1483,60;1496,74;1505,01;1473,34;1432,10;1394,05;1391,56;1369,64;1330,59;18.01.2022;1609,47;;;;;;;
19.01.2022;1375,47;1346,03;1346,03;;1334,66;1335,16;1356,51;1374,47;1388,34;1396,22;1395,22;1391,03;1386,14;1379,96;1380,65;1379,26;1372,17;1375,87;1373,87;1369,28;1342,44;1307,52;1318,80;1257,54;1200,17;19.01.2022;1353,45;;;;;;;
20.01.2022;1263,40;1222,81;1182,21;;1152,75;1153,95;1228,08;1297,93;1311,56;1352,76;1337,73;1319,23;1315,94;1286,89;1277,83;1307,98;1322,21;1355,35;1375,15;1362,01;1361,22;1360,12;1356,14;1318,93;1280,72;20.01.2022;1295,95;;;;;;;
21.01.2022;1271,38;1264,50;1270,88;;1275,77;1278,66;1308,07;1321,72;1424,50;1440,35;1438,26;1436,96;1422,31;1409,15;1440,15;1422,70;1433,07;1452,31;1478,73;1464,67;1418,62;1363,49;1337,57;1331,69;1271,78;21.01.2022;1374,05;;;;;;;
22.01.2022;1279,34;1245,33;1242,12;;1260,88;1279,24;1288,77;1299,10;1378,64;1431,21;1441,74;1458,39;1460,40;1459,39;1457,89;1452,57;1456,48;1471,23;1496,41;1493,80;1464,41;1441,24;1419,47;1389,08;1350,66;22.01.2022;1392,41;;;;;;;
23.01.2022;1329,07;1326,25;1326,55;;1325,74;1325,24;1330,99;1331,39;1340,18;1347,35;1392,37;1414,08;1419,73;1422,15;1412,97;1407,82;1411,45;1438,31;1459,00;1443,35;1412,56;1364,20;1343,61;1335,53;1325,54;23.01.2022;1374,39;;;;;;;
24.01.2022;1331,60;1315,85;1307,37;;1304,54;1303,93;1321,40;1341,49;1368,45;1378,44;1380,36;1379,45;1376,42;1374,81;1370,36;1373,09;1369,96;1378,14;1381,77;1376,82;1374,00;1359,16;1364,51;1348,86;1333,72;24.01.2022;1354,77;;;;;;;
25.01.2022;1319,28;1310,66;1312,08;;1317,86;1330,43;1359,33;1395,32;1509,80;1677,92;1860,43;1954,22;1771,81;1771,61;1748,59;1743,72;1699,11;1777,29;1763,40;1695,97;1600,45;1505,04;1470,05;1425,44;1360,04;25.01.2022;1569,99;;;;;;;
26.01.2022;1354,75;1334,30;1309,26;;1282,19;1280,35;1297,76;1317,50;1350,07;1372,56;1355,16;1343,05;1335,42;1312,82;1302,03;1302,03;1303,05;1332,77;1366,97;1361,37;1340,10;1334,30;1336,84;1318,93;1285,04;26.01.2022;1326,19;;;;;;;
27.01.2022;1267,21;1213,74;1166,68;;1152,03;1153,33;1178,42;1228,58;1285,67;1343,97;1333,53;1333,03;1323,30;1307,05;1320,19;1332,93;1332,93;1337,65;1329,12;1288,18;1248,75;1245,04;1262,40;1235,81;1219,15;27.01.2022;1268,28;;;;;;;
28.01.2022;1219,24;1205,93;1205,23;;1210,93;1216,23;1283,86;1311,07;1368,49;1425,11;1426,21;1434,11;1438,41;1432,91;1425,31;1423,21;1431,91;1488,73;1502,24;1475,23;1421,21;1369,69;1364,09;1322,87;1248,05;28.01.2022;1360,43;;;;;;;
29.01.2022;1263,53;1194,58;1094,21;;803,45;455,27;470,22;689,83;932,52;1154,13;1149,62;1166,78;1225,59;1203,51;1193,18;1198,80;1210,04;1217,36;1230,01;1264,44;1196,59;1182,04;1180,33;1143,59;1101,74;29.01.2022;1080,06;;;;;;;
30.01.2022;1115,24;1033,10;995,18;;1020,29;1005,88;1063,01;1113,03;1123,64;1141,45;1166,16;1198,78;1198,98;1198,47;1193,07;1198,78;1204,68;1236,19;1318,53;1378,46;1404,87;1418,48;1422,38;1428,59;1398,07;30.01.2022;1207,30;;;;;;;
31.01.2022;1366,46;1328,04;1281,61;;1217,08;1221,29;1329,14;1433,59;1502,32;2354,33;2439,77;2402,55;2300,90;2227,47;1903,81;1508,92;1493,72;1496,72;1492,12;1480,91;1477,41;1476,01;1488,41;1469,40;1422,48;31.01.2022;1629,77;;;;;;;
01.02.2022;1410,55;1392,92;1358,04;;1350,32;1378,38;1437,51;1459,86;2204,27;2366,82;1717,82;1479,80;1455,35;1428,29;1390,01;1344,11;1317,15;1305,73;1317,35;1334,39;1267,54;1240,99;1242,29;1207,11;1178,15;01.02.2022;1441,03;;;;;;;
02.02.2022;1118,14;1104,99;1044,96;;1046,45;1111,66;1166,72;1251,84;1363,15;1406,65;1395,80;1382,86;1388,63;1364,74;1383,06;1414,02;1435,23;1459,42;1487,99;1488,89;1494,86;1498,25;1573,91;1542,75;1419,40;02.02.2022;1347,68;;;;;;;
03.02.2022;1361,09;1349,86;1338,84;;1339,73;1360,69;1374,50;1418,11;1636,44;2067,46;1611,91;1509,89;1518,43;1505,02;1501,65;1518,23;1513,17;1554,29;1529,56;1465,49;1416,32;1374,60;1344,20;1320,36;1260,76;03.02.2022;1466,28;;;;;;;
04.02.2022;1245,81;1216,70;1193,68;;1183,11;1178,63;1168,06;1226,97;1281,39;1292,66;1287,77;1285,18;1287,17;1265,64;1240,23;1208,13;1211,82;1249,30;1288,57;1288,57;1249,70;1221,09;1170,56;1157,20;1129,09;04.02.2022;1230,29;;;;;;;
05.02.2022;1138,02;1118,35;1103,29;;1101,39;1113,83;1132,20;1173,05;1186,69;1200,14;1239,69;1221,82;1184,29;1148,66;1120,15;1103,69;1150,76;1205,66;1251,03;1253,13;1218,41;1171,24;1127,18;1123,77;1088,84;05.02.2022;1161,47;;;;;;;
06.02.2022;1121,45;1085,35;988,21;;934,31;760,44;858,59;1000,28;1050,36;1087,66;1160,97;1199,09;1203,01;1192,65;1191,74;1207,73;1210,15;1225,73;1232,77;1273,70;1231,87;1223,52;1181,69;1167,11;1131,31;06.02.2022;1121,65;;;;;;;
07.02.2022;1123,16;1106,17;1105,16;;1104,06;1105,87;1135,63;1203,91;1287,88;1309,00;1279,74;1239,11;1229,86;1182,49;1211,66;1230,36;1230,66;1252,38;1340,98;1359,08;1350,63;1328,31;1282,25;1239,61;1160,37;07.02.2022;1224,93;;;;;;;
08.02.2022;1188,78;1146,84;1122,24;;1092,09;1083,32;1145,22;1229,81;1255,82;1303,61;1281,13;1249,17;1251,79;1240,60;1234,95;1230,52;1266,81;1304,52;1320,25;1328,11;1325,69;1322,57;1309,26;1272,36;1234,85;08.02.2022;1239,18;;;;;;;
09.02.2022;1174,59;1157,47;1160,29;;1129,77;1141,55;1166,53;1239,26;1262,73;1280,36;1269,08;1245,30;1212,06;1203,90;1208,74;1207,63;1209,24;1234,63;1261,12;1270,79;1251,85;1245,30;1230,40;1211,66;1201,08;09.02.2022;1215,64;;;;;;;
10.02.2022;1179,74;1175,81;1182,35;;1191,51;1195,24;1215,16;1251,29;1290,03;1295,87;1294,26;1290,34;1260,75;1248,07;1237,10;1236,29;1245,65;1259,14;1294,56;1298,19;1295,27;1294,96;1259,54;1251,49;1229,25;10.02.2022;1248,83;;;;;;;
11.02.2022;1244,45;1244,05;1241,53;;1239,41;1242,94;1255,35;1273,91;1346,25;1512,62;1545,81;1345,14;1272,40;1254,75;1256,96;1264,63;1263,93;1285,31;1305,69;1298,13;1270,58;1264,63;1257,27;1243,85;1232,65;11.02.2022;1290,09;;;;;;;
12.02.2022;1192,83;1188,39;1173,67;;1158,95;1137,47;1127,59;1130,31;1150,28;1157,23;1161,07;1131,02;1105,81;1095,93;1049,85;1065,78;1108,33;1139,69;1169,13;1164,19;1135,25;1122,45;1087,06;1075,26;1058,22;12.02.2022;1128,57;;;;;;;
13.02.2022;1032,10;1024,95;1036,73;;1029,99;1042,47;1035,82;1007,13;1008,84;1028,58;1038,24;1024,05;999,48;997,57;986,90;987,30;999,98;1046,80;1111,63;1118,58;1078,21;1065,32;1043,58;1043,27;1044,58;13.02.2022;1034,67;;;;;;;
14.02.2022;1006,23;1006,03;1006,23;;1007,33;1014,48;1029,99;1084,75;1150,79;1138,11;1102,77;1080,22;1079,01;1078,81;1082,34;1114,05;1137,50;1153,31;1181,70;1175,66;1148,58;1138,81;1126,63;1114,95;1082,23;14.02.2022;1093,35;;;;;;;
15.02.2022;1103,74;1105,25;1100,10;;1109,40;1111,72;1130,22;1153,37;1187,34;1202,20;1197,95;1188,05;1171,47;1160,65;1156,00;1153,78;1149,83;1155,29;1181,48;1169,55;1146,40;1117,18;1083,62;1063,20;1041,16;15.02.2022;1139,12;;;;;;;
16.02.2022;1014,16;1012,04;1035,35;;1070,25;1076,91;1104,25;1151,76;1185,36;1202,91;1194,94;1195,95;1190,60;1163,97;1131,79;1090,33;1058,95;1067,53;1117,36;1144,70;1129,27;1093,86;1081,65;1063,39;1047,15;16.02.2022;1109,35;;;;;;;
17.02.2022;1012,66;994,02;963,73;;941,25;931,52;964,64;1037,07;1121,35;1125,40;1072,02;1064,12;1049,13;1037,98;1034,94;1034,74;1034,44;1034,84;1075,97;1100,38;1061,48;1013,77;1022,99;1012,15;996,15;17.02.2022;1030,70;;;;;;;
18.02.2022;997,59;995,56;992,22;;989,28;1025,25;1070,65;1132,87;1184,25;1201,18;1216,07;1205,84;1203,81;1168,14;1127,20;1077,14;1056,57;1078,76;1153,65;1196,52;1177,87;1140,17;1128,92;1110,58;1061,53;18.02.2022;1112,15;;;;;;;
19.02.2022;1068,60;1027,99;994,80;;926,28;893,90;921,00;986,17;1019,16;1043,73;1040,07;1023,42;1028,50;1025,05;1014,39;1010,13;1012,16;1035,71;1094,38;1164,22;1148,69;1089,20;1067,38;1068,39;1057,33;19.02.2022;1031,69;;;;;;;
20.02.2022;1092,75;1048,02;1019,56;;985,71;936,30;915,36;903,88;876,94;945,66;998,41;1030,23;1041,00;1044,46;1023,72;1014,07;1016,71;1024,94;1067,54;1076,89;1077,40;1077,80;1074,85;1064,59;1023,32;20.02.2022;1015,84;;;;;;;
21.02.2022;996,99;971,68;974,22;;953,28;947,59;1013,05;1062,86;1119,17;1152,11;1107,69;1105,55;1099,35;1096,81;1088,88;1099,25;1137,78;1117,95;1167,86;1188,80;1174,78;1131,07;1100,37;1076,48;1044,56;21.02.2022;1080,34;;;;;;;
22.02.2022;1065,53;1060,33;1062,06;;1076,83;1107,29;1156,89;1200,49;1303,26;2031,03;1530,81;1303,46;1274,43;1235,02;1198,45;1210,77;1236,54;1272,70;1284,11;1284,62;1245,20;1198,45;1126,13;1104,33;1068,89;22.02.2022;1234,90;;;;;;;
23.02.2022;1034,94;1025,14;1019,69;;1021,51;1047,15;1117,53;1175,59;1247,68;1278,27;1234,45;1146,51;1089,96;1045,64;1017,27;1064,82;1102,58;1144,79;1166,09;1164,48;1126,01;1097,44;1099,76;1088,25;1053,21;23.02.2022;1108,70;;;;;;;
24.02.2022;1118,86;1099,09;1083,04;;1068,49;1089,86;1122,47;1189,71;1228,64;1240,08;1229,54;1209,27;1166,53;1115,35;1103,81;1119,46;1164,02;1209,07;1274,50;1278,11;1247,61;1204,36;1166,13;1138,63;1104,01;24.02.2022;1165,44;;;;;;;
25.02.2022;1213,75;1204,83;1204,22;;1199,66;1205,03;1234,21;1279,91;1332,10;1307,07;1267,15;1253,06;1239,48;1199,76;1171,59;1184,06;1212,33;1260,05;1323,28;1359,66;1349,43;1332,91;1325,11;1326,83;1308,19;25.02.2022;1262,24;;;;;;;
26.02.2022;1370,30;1377,61;1388,62;;1396,33;1404,34;1414,05;1416,25;1418,15;1440,78;1461,10;1438,57;1421,66;1398,73;1383,41;1378,71;1382,31;1412,55;1458,50;1449,79;1421,66;1407,64;1391,12;1383,41;1373,80;26.02.2022;1407,89;;;;;;;
27.02.2022;1393,02;1391,92;1390,92;;1390,32;1389,92;1384,03;1382,13;1387,43;1394,22;1397,72;1372,44;1356,15;1322,18;1309,09;1341,87;1365,15;1391,32;1407,61;1414,60;1407,71;1397,42;1383,03;1374,44;1367,24;27.02.2022;1379,66;;;;;;;
28.02.2022;1394,32;1389,62;1388,73;;1389,62;1393,52;1420,00;1437,68;1503,03;1649,31;1553,89;1498,93;1419,40;1383,23;1379,63;1390,72;1413,01;1424,20;1438,78;1438,78;1424,60;1415,20;1395,32;1390,92;1365,05;28.02.2022;1429,06;;;;;;;
01.03.2022;1382,44;1382,24;1401,57;;1415,72;1422,20;1447,11;1460,36;1523,94;1560,11;1507,70;1493,35;1488,37;1476,61;1469,73;1467,54;1466,94;1488,77;1526,43;1547,16;1536,30;1492,15;1471,33;1467,64;1463,85;01.03.2022;1473,32;;;;;;;
02.03.2022;1433,43;1425,04;1423,37;;1422,48;1423,37;1434,51;1476,63;1621,91;1958,64;1564,21;1505,33;1480,38;1469,13;1464,10;1459,56;1450,88;1466,47;1498,33;1516,08;1506,12;1479,88;1448,52;1433,82;1425,14;02.03.2022;1491,14;;;;;;;
03.03.2022;1515,86;1509,44;1506,96;;1505,09;1506,17;1526,24;1555,80;1678,87;1871,74;1742,83;1640,62;1541,37;1536,52;1537,21;1534,35;1560,84;1597,42;1649,51;1663,75;1673,93;1637,16;1580,91;1538,30;1514,08;03.03.2022;1588,54;;;;;;;
04.03.2022;1691,71;1685,59;1685,00;;1685,00;1685,98;1734,64;1865,69;3712,24;3904,78;2566,08;1954,02;1864,91;1791,97;1746,09;1733,75;1727,53;1742,83;1947,70;2356,77;1968,63;1798,78;1735,62;1727,73;1724,67;04.03.2022;2001,57;;;;;;;
05.03.2022;1757,64;1751,75;1750,18;;1751,16;1755,19;1776,99;1799,08;1826,87;1861,83;1931,26;1902,09;1832,37;1818,23;1804,88;1796,04;1794,66;1810,28;1913,29;2043,59;1931,06;1860,65;1821,18;1790,93;1772,57;05.03.2022;1827,24;;;;;;;
06.03.2022;1854,94;1840,78;1837,07;;1837,46;1840,69;1858,94;1866,36;1855,91;1867,34;1878,56;1877,98;1865,97;1869,58;1863,53;1859,62;1860,99;1861,38;1874,17;1916,54;1915,86;1911,95;1916,73;1896,23;1879,93;06.03.2022;1871,19;;;;;;;
07.03.2022;1847,81;1840,10;1836,19;;1836,88;1841,27;1875,15;2197,50;4856,75;4871,89;4569,06;3307,47;2023,44;1951,49;1919,86;1865,29;1872,61;1884,81;1961,74;1979,02;2096,17;1953,15;1918,20;1880,32;1853,67;07.03.2022;2334,99;;;;;;;
08.03.2022;2053,76;2036,25;2030,67;;2031,85;2042,02;2176,52;2318,55;6533,37;6160,98;3912,08;2241,18;2084,77;2033,22;2024,22;2103,06;2101,40;2090,34;2267,10;2676,07;2446,20;2239,22;2178,87;2111,86;1977,85;08.03.2022;2577,98;;;;;;;
09.03.2022;2078,98;2077,71;2078,29;;2086,41;2092,47;2177,43;2324,37;2512,08;2781,81;2392,71;2279,30;2243,71;2221,52;2179,68;2152,11;2156,41;2123,26;2200,69;2252,80;2218,00;2172,93;2138,42;2089,63;2060,30;09.03.2022;2212,13;;;;;;;
10.03.2022;2103,03;2092,35;2083,43;;2090,88;2101,16;2150,53;2184,04;2274,06;2281,99;2226,45;2138,39;2039,16;1967,65;1921,41;1965,10;2019,76;2120,27;2164,35;2191,19;2164,15;2032,01;1969,81;1936,30;1920,73;10.03.2022;2089,09;;;;;;;
11.03.2022;1840,74;1852,92;1843,11;;1841,13;1802,99;1915,13;1918,90;1977,15;1977,05;1970,02;1945,75;1889,18;1874,91;1865,50;1842,82;1806,86;1875,31;1926,03;1954,56;1956,44;1951,99;1949,81;1919,99;1875,11;11.03.2022;1898,89;;;;;;;
12.03.2022;1708,07;1704,64;1677,60;;1678,97;1705,03;1719,43;1758,23;1755,39;1766,95;1773,22;1778,61;1737,75;1749,12;1748,63;1733,44;1763,52;1797,71;1879,52;2000,13;1946,14;1800,16;1784,59;1792,42;1753,04;12.03.2022;1771,35;;;;;;;
13.03.2022;1692,75;1677,00;1584,49;;1525,04;1398,37;1302,31;1399,75;1527,50;1599,54;1604,56;1595,80;1605,75;1598,56;1575,14;1601,61;1660,17;1699,44;1751,70;1820,60;1802,78;1746,00;1724,34;1754,26;1778,47;13.03.2022;1626,08;;;;;;;
14.03.2022;1779,75;1774,14;1776,70;;1781,53;1810,56;1870,60;1995,59;2122,36;2259,66;2094,41;2009,86;1979,16;1973,35;1967,84;1968,33;1969,22;1977,88;2015,18;2073,15;2056,22;2035,75;2004,94;1972,27;1964,88;14.03.2022;1968,06;;;;;;;
15.03.2022;1924,95;1921,30;1921,10;;1918,34;1923,07;2021,83;2111,42;2989,97;3109,72;2406,80;2115,85;2054,25;2009,21;1982,21;1980,83;1994,73;2031,68;2100,48;2332,88;2127,78;2080,27;2009,12;1981,12;1942,79;15.03.2022;2124,65;;;;;;;
16.03.2022;1855,97;1836,47;1828,16;;1820,14;1825,49;1883,89;2002,78;2458,93;2368,75;2114,14;2005,75;1960,90;1926,75;1902,10;1888,64;1885,67;1887,26;1951,01;1950,51;1885,08;1820,04;1724,71;1687,89;1640,97;16.03.2022;1921,33;;;;;;;
17.03.2022;1590,50;1581,80;1556,35;;1560,81;1613,71;1649,19;1683,70;1739,85;1746,00;1706,19;1717,35;1709,47;1692,20;1702,60;1723,66;1730,75;1746,12;1801,27;1864,07;1881,07;1871,61;1856,85;1793,81;1777,31;17.03.2022;1720,68;;;;;;;
18.03.2022;1720,13;1686,58;1693,96;;1710,94;1736,73;1778,15;1829,08;1868,81;1880,79;1868,17;1844,79;1833,49;1819,78;1799,01;1792,41;1793,38;1810,33;1822,68;1832,54;1836,90;1823,70;1811,26;1779,11;1762,46;18.03.2022;1797,30;;;;;;;
19.03.2022;1785,52;1765,28;1744,42;;1735,86;1739,64;1727,41;1725,88;1696,83;1649,98;1620,14;1582,30;1560,95;1562,57;1535,03;1505,19;1501,67;1512,03;1605,77;1655,52;1642,25;1602,83;1602,28;1598,30;1592,26;19.03.2022;1635,41;;;;;;;
20.03.2022;1579,03;1604,01;1573,71;;1550,31;1561,91;1572,82;1593,07;1591,85;1570,31;1597,95;1607,56;1594,54;1575,02;1574,25;1571,70;1571,29;1595,08;1597,66;1605,71;1608,87;1606,73;1599,98;1586,35;1573,13;20.03.2022;1585,95;;;;;;;
21.03.2022;1572,76;1568,43;1566,85;;1571,38;1610,39;1649,03;1719,93;1772,72;1785,84;1727,75;1649,60;1632,18;1632,47;1651,73;1704,04;1757,37;1795,12;1822,55;1880,01;1881,70;1830,87;1799,44;1762,83;1757,30;21.03.2022;1712,60;;;;;;;
22.03.2022;1794,29;1792,22;1794,92;;1806,18;1823,55;1873,19;1897,38;2011,09;2635,46;2246,88;1878,80;1800,24;1727,40;1742,47;1808,23;1846,43;1855,00;1863,38;1912,50;1915,80;1873,90;1862,06;1844,44;1816,50;22.03.2022;1892,60;;;;;;;
23.03.2022;1850,47;1837,21;1835,31;;1834,85;1838,34;1930,93;2564,48;2788,89;2627,36;2018,01;1874,58;1788,79;1761,10;1764,39;1796,50;1859,65;1889,96;1883,68;1899,30;1893,20;1893,57;1874,89;1834,86;1819,00;23.03.2022;1956,64;;;;;;;
24.03.2022;1792,95;1785,04;1780,43;;1776,65;1782,19;1815,78;1857,70;1965,65;2004,77;1941,46;1820,35;1820,56;1761,35;1765,35;1799,60;1855,37;1853,82;1876,38;1878,55;1859,21;1893,43;1892,88;1843,09;1828,58;24.03.2022;1843,80;;;;;;;
25.03.2022;1796,82;1794,57;1787,83;;1786,01;1785,06;1795,50;1812,30;1861,23;1874,60;1806,26;1776,38;1747,50;1685,04;1659,21;1716,21;1767,46;1774,27;1784,05;1805,47;1804,64;1783,54;1774,02;1769,02;1742,59;25.03.2022;1778,73;;;;;;;
26.03.2022;1738,45;1724,94;1706,89;;1700,81;1699,72;1699,86;1698,96;1702,61;1696,65;1675,41;1643,15;1630,14;1618,36;1618,53;1687,32;1713,62;1753,67;1788,55;1853,28;1871,24;1863,63;1861,31;1854,93;1847,38;26.03.2022;1735,39;;;;;;;
27.03.2022;1851,98;1837,75;;;1836,93;1836,58;1839,12;1839,20;1837,83;1832,71;1814,58;1776,05;1723,92;1675,30;1519,74;1503,45;1539,69;1681,04;1712,77;1757,07;1813,92;1814,11;1786,76;1778,43;1758,39;27.03.2022;1755,10;;;;;;;
28.03.2022;1758,12;1752,77;1744,92;;1745,03;1745,54;1783,03;1782,87;1815,03;1843,11;1817,10;1801,75;1759,01;1750,95;1730,19;1721,56;1719,33;1736,55;1753,55;1767,64;1788,70;1804,01;1793,85;1777,58;1757,30;28.03.2022;1768,73;;;;;;;
29.03.2022;1779,46;1778,78;1779,41;;1782,27;1783,73;1830,47;1908,28;2139,16;2556,52;2093,13;1980,85;1938,99;1924,25;1893,40;1875,39;1842,43;1856,93;1897,82;1928,82;1978,54;1984,11;1935,34;1897,69;1821,37;29.03.2022;1924,46;;;;;;;
30.03.2022;1880,46;1866,87;1862,47;;1860,83;1864,19;1916,05;2052,04;2340,52;3018,27;2251,69;2128,98;2048,98;2008,52;1953,34;1935,65;1933,91;2031,65;2143,30;2130,40;2211,86;2231,66;2091,42;2036,56;1887,76;30.03.2022;2070,31;;;;;;;
31.03.2022;1918,20;1906,74;1865,71;;1834,02;1863,40;1921,57;2110,26;2749,63;3026,16;2408,18;2162,27;2049,00;1964,15;1922,73;1896,53;1845,09;1842,30;1864,94;1926,48;2006,14;1917,53;1854,34;1834,69;1818,03;31.03.2022;2021,17;;;;;;;
01.04.2022;1759,49;1735,07;1731,10;;1731,77;1743,02;1747,96;1810,56;1938,48;2018,05;1941,58;1871,13;1810,47;1780,42;1762,40;1758,62;1752,80;1739,72;1782,75;1857,76;1934,02;1893,42;1810,76;1801,74;1796,80;01.04.2022;1812,91;;;;;;;
02.04.2022;1785,42;1784,26;1782,81;;1782,33;1784,65;1786,10;1784,26;1787,07;1840,90;1834,41;1783,29;1762,09;1751,93;1740,41;1739,34;1739,05;1747,47;1791,81;1847,48;1869,17;1888,05;1885,72;1871,97;1846,13;02.04.2022;1800,67;;;;;;;
03.04.2022;1838,82;1810,72;1831,97;;1819,70;1830,04;1813,81;1797,49;1806,08;1824,53;1798,74;1785,71;1777,40;1740,70;1735,87;1731,82;1709,80;1729,02;1731,91;1752,68;1782,91;1786,19;1754,61;1735,39;1668,56;03.04.2022;1774,77;;;;;;;
04.04.2022;1616,79;1573,53;1556,24;;1561,07;1550,54;1546,97;1637,65;1721,58;1725,35;1729,31;1726,31;1721,68;1709,60;1708,83;1706,22;1683,72;1698,79;1698,69;1698,40;1703,52;1708,16;1708,93;1708,54;1660,35;04.04.2022;1669,20;;;;;;;
05.04.2022;1661,34;1656,93;1654,92;;1657,31;1662,58;1668,81;1718,56;1749,80;1784,11;1763,51;1750,09;1739,83;1733,99;1734,75;1734,27;1722,77;1742,71;1754,69;1784,50;1816,79;1916,66;1860,31;1792,07;1743,09;05.04.2022;1741,85;;;;;;;
06.04.2022;1716,75;1644,35;1625,69;;1606,28;1578,92;1607,90;1668,64;1721,54;1726,89;1689,69;1671,51;1667,21;1653,24;1643,01;1659,84;1652,57;1654,77;1665,68;1672,28;1712,64;1687,96;1669,50;1675,91;1645,11;06.04.2022;1663,25;;;;;;;
07.04.2022;1651,38;1634,94;1619,18;;1592,71;1585,25;1586,21;1619,75;1640,96;1645,45;1635,23;1635,23;1629,78;1616,12;1601,40;1608,00;1610,86;1612,01;1632,46;1642,78;1640,68;1649,75;1648,32;1637,90;1636,28;07.04.2022;1625,53;;;;;;;
08.04.2022;1617,07;1607,20;1595,33;;1602,13;1609,79;1623,39;1638,14;1645,03;1648,19;1645,03;1631,15;1622,05;1610,94;1600,31;1591,69;1612,95;1637,85;1637,95;1653,65;1662,75;1690,14;1695,98;1686,21;1651,07;08.04.2022;1634,00;;;;;;;
09.04.2022;1637,25;1582,84;1570,26;;1571,69;1574,55;1578,07;1583,31;1591,70;1619,81;1601,42;1580,93;1575,02;1569,97;1567,31;1566,07;1560,54;1558,73;1571,40;1581,50;1586,46;1583,98;1581,98;1581,69;1577,88;09.04.2022;1581,43;;;;;;;
10.04.2022;1585,81;1585,24;1584,86;;1584,86;1584,95;1585,43;1585,72;1585,62;1587,72;1586,19;1578,09;1576,47;1570,28;1569,90;1559,13;1549,69;1563,03;1583,90;1620,12;1649,66;1667,39;1684,26;1682,64;1672,92;10.04.2022;1599,33;;;;;;;
11.04.2022;1686,73;1705,60;1704,75;;1714,66;1727,71;1752,68;1785,08;1951,29;2629,45;2071,75;1902,78;1764,79;1734,67;1686,26;1679,01;1673,01;1714,09;1757,54;1786,80;1822,06;1881,62;1803,86;1784,61;1773,08;11.04.2022;1812,25;;;;;;;
12.04.2022;1779,62;1741,02;1709,38;;1706,43;1715,48;1767,04;1893,81;1962,24;2041,73;1906,10;1739,50;1696,61;1662,01;1654,48;1653,53;1650,67;1668,40;1709,86;1759,70;1782,58;1772,48;1738,16;1679,93;1640,00;12.04.2022;1751,28;;;;;;;
13.04.2022;1654,57;1644,44;1635,27;;1671,68;1705,80;1719,56;1750,71;1796,29;1832,42;1804,61;1795,05;1782,53;1760,17;1793,43;1811,39;1811,49;1817,51;1806,71;1802,79;1805,28;1812,16;1826,87;1832,42;1826,21;13.04.2022;1770,81;;;;;;;
14.04.2022;1880,12;1863,03;1849,56;;1830,84;1831,51;1871,14;1857,01;1873,15;1909,53;1858,63;1866,37;1853,76;1830,94;1804,39;1791,88;1776,69;1798,28;1831,13;1844,31;1867,90;1882,03;1878,88;1901,61;1878,40;14.04.2022;1851,30;;;;;;;
15.04.2022;1915,88;1832,61;1801,48;;1793,65;1789,26;1819,72;1888,00;1921,61;1864,60;1834,90;1799,47;1772,64;1729,10;1653,85;1623,38;1628,25;1671,99;1757,55;1793,08;1869,47;2026,46;1932,50;1893,82;1819,72;15.04.2022;1809,71;;;;;;;
16.04.2022;1806,06;1789,54;1759,75;;1716,87;1705,03;1757,46;1766,24;1768,44;1761,18;1703,69;1650,03;1623,38;1518,72;1442,14;1392,00;1343,68;870,42;1445,00;1653,85;1758,41;1793,27;1787,63;1744,66;1646,30;16.04.2022;1633,49;;;;;;;
17.04.2022;1592,54;1517,00;1416,74;;1377,49;1380,35;1380,64;1441,28;1420,65;1466,78;1521,21;1526,55;1538,20;1432,49;1214,86;928,67;668,74;894,20;1026,27;1592,25;1742,27;1770,54;1770,63;1718,78;1559,40;17.04.2022;1412,44;;;;;;;
18.04.2022;1032,57;799,09;828,69;;799,09;841,01;909,67;1251,06;1421,99;1376,53;1451,21;1516,05;1463,05;1444,91;1241,60;477,66;741,12;1474,99;1678,77;1710,57;1782,95;1855,53;1931,92;1921,80;1867,27;18.04.2022;1325,80;;;;;;;
19.04.2022;1842,92;1789,35;1772,35;;1770,54;1775,89;1838,53;1880,07;1954,75;2730,91;2363,74;1937,46;1848,08;1811,41;1769,30;1740,08;1735,59;1758,79;1806,35;1872,53;1943,96;1973,65;1973,37;1833,09;1770,92;19.04.2022;1895,57;;;;;;;
20.04.2022;1769,82;1756,46;1747,30;;1749,02;1756,27;1807,04;1897,41;1915,83;2012,88;1908,29;1822,50;1774,02;1731,94;1667,24;1652,06;1694,15;1764,29;1782,42;1873,84;1898,46;1910,68;1890,25;1882,14;1848,36;20.04.2022;1813,03;;;;;;;
21.04.2022;1792,67;1721,24;1697,11;;1700,07;1730,01;1792,67;1854,08;1901,38;1938,96;1906,63;1868,29;1800,87;1742,69;1694,15;1652,77;1653,81;1706,55;1785,42;1819,27;1854,27;1855,32;1830,43;1802,11;1748,23;21.04.2022;1785,38;;;;;;;
22.04.2022;1772,15;1734,25;1737,98;;1717,21;1719,80;1758,27;1832,26;1829,20;1840,30;1833,41;1765,16;1699,50;1651,84;1567,80;1268,12;959,44;1267,74;1611,64;1713,10;1760,19;1817,33;1793,40;1732,72;1645,04;22.04.2022;1667,83;;;;;;;
23.04.2022;1672,53;1667,43;1657,33;;1524,90;1287,48;1214,82;1395,27;1526,35;1618,93;1651,46;1652,61;1646,93;1648,67;1544,25;1298,36;1154,19;1260,34;1295,18;1382,66;1666,95;1698,32;1683,50;1657,42;1621,04;23.04.2022;1517,79;;;;;;;
24.04.2022;1380,28;1151,01;975,52;;880,39;842,05;880,00;879,62;952,71;966,78;1107,14;1433,86;1167,81;922,62;812,93;803,90;863,41;1079,48;1493,95;1716,81;1810,29;1864,74;1885,90;1882,89;1810,87;24.04.2022;1231,87;;;;;;;
25.04.2022;1802,81;1783,89;1801,84;;1806,41;1814,85;1876,39;2203,41;2460,54;2562,75;2122,84;2185,45;2141,96;1980,74;1885,03;1833,20;1813,30;1828,83;1884,74;1937,25;1935,80;1922,30;1928,52;1919,39;1891,92;25.04.2022;1971,84;;;;;;;
26.04.2022;1864,79;1844,21;1833,34;;1832,27;1847,03;1865,76;1884,20;1928,75;2015,52;2007,08;1985,63;1927,39;1920,11;1897,40;1902,64;1884,20;1880,42;1941,08;1985,04;1985,14;1951,75;1940,30;1909,14;1886,53;26.04.2022;1913,32;;;;;;;
27.04.2022;1914,45;1879,16;1865,43;;1850,04;1874,45;1914,94;2001,12;2104,65;2526,82;2401,03;2139,65;2025,83;1981,22;1912,20;1870,92;1858,67;1857,98;1959,65;2017,20;2017,40;2011,22;2001,71;1969,85;1924,45;27.04.2022;1995,00;;;;;;;
28.04.2022;1966,96;1915,51;1878,08;;1898,66;1906,70;1921,00;2033,40;2776,75;2736,77;2462,10;2133,54;2017,72;1974,99;1927,18;1921,79;1873,28;1926,69;2011,54;2029,48;2043,29;2064,46;2136,58;2100,03;2043,88;28.04.2022;2070,85;;;;;;;
29.04.2022;2010,55;1950,56;1942,45;;1949,28;1971,15;2044,99;2171,30;2691,65;2793,21;2458,74;2213,76;2085,18;2006,98;1952,44;1932,55;1910,28;1973,82;2072,51;2195,15;2195,05;2234,84;2245,04;2215,34;2070,63;29.04.2022;2136,98;;;;;;;
30.04.2022;1977,66;1892,98;1861,23;;1837,32;1861,72;1885,93;1915,04;1961,98;1991,19;1958,16;1921,21;1887,10;1820,95;1750,97;1685,11;1775,28;1839,37;1922,19;1986,78;2104,09;2122,51;2151,62;2118,79;2069,59;30.04.2022;1929,12;;;;;;;
01.05.2022;1998,28;1920,26;1904,50;;1905,30;1910,25;1937,81;1917,29;1906,58;1882,50;1860,49;1815,78;1805,67;1789,51;1684,43;1617,02;1685,23;1808,54;1883,09;1982,22;2101,48;2171,56;2179,69;2158,38;2074,51;01.05.2022;1912,52;;;;;;;
02.05.2022;1984,40;1945,34;1929,98;;1921,16;1945,84;2014,74;2114,36;2233,82;2368,63;2130,52;2021,77;1952,98;1944,45;1944,35;1919,67;1913,82;1963,39;2041,20;2112,48;2147,08;2152,03;2177,31;2105,54;2067,77;02.05.2022;2043,86;;;;;;;
03.05.2022;1980,88;1915,49;1882,19;;1892,90;1914,50;1968,00;2107,01;2137,83;2278,83;2199,96;2041,12;1998,02;1981,57;1981,18;1980,78;1980,78;1986,23;2102,16;2368,00;2591,73;2594,51;2513,26;2431,12;2198,07;03.05.2022;2126,09;;;;;;;
04.05.2022;2079,23;2007,23;1989,55;;1997,30;2017,06;2112,10;2371,59;2378,25;2586,30;2358,98;2221,14;2078,43;2032,26;2007,53;1981,31;2005,74;2043,87;2167,71;2403,07;2650,55;2706,07;2373,58;2244,58;2181,52;04.05.2022;2208,12;;;;;;;
05.05.2022;2130,91;2032,04;2002,12;;1991,62;2015,69;2079,19;2204,62;2526,89;2572,96;2428,42;2256,33;2228,00;2154,69;2064,93;2032,53;2020,15;2047,49;2170,14;2276,84;2378,09;2378,09;2367,09;2229,39;2169,25;05.05.2022;2198,23;;;;;;;
06.05.2022;2107,53;2045,38;1984,21;;1972,18;1990,33;2086,91;2223,65;2633,55;2513,78;2263,70;2103,09;2051,50;1987,27;1952,84;1934,49;1913,08;1963,89;2020,72;2078,43;2070,93;2075,76;2091,94;2108,42;2071,32;06.05.2022;2093,54;;;;;;;
07.05.2022;2039,87;1995,87;1985,79;;1948,87;1932,81;1934,71;1954,96;2006,45;2029,20;1991,88;1971,32;1950,37;1920,94;1795,51;1716,49;1639,06;1756,60;1931,11;1961,84;2012,93;2053,54;2052,44;2049,65;1995,77;07.05.2022;1942,83;;;;;;;
08.05.2022;2003,66;1955,92;1942,35;;1887,58;1878,63;1877,52;1868,28;1900,84;1874,01;1725,86;1550,99;1551,09;1498,72;1475,61;1461,64;1443,85;1673,40;1844,16;1952,70;2005,87;2071,80;2146,17;2121,05;2077,63;08.05.2022;1824,56;;;;;;;
09.05.2022;2014,11;1962,25;1926,57;;1920,74;1952,80;1989,29;2120,85;2239,24;2257,13;2183,76;2009,59;1953,71;1909,48;1898,93;1868,88;1919,33;1959,23;2009,29;2039,14;2033,01;2029,09;2025,07;2010,39;1973,00;09.05.2022;2008,54;;;;;;;
10.05.2022;1893,61;1848,70;1798,27;;1707,75;1667,46;1786,51;1850,11;1969,47;1995,79;1964,54;1899,84;1818,76;1726,54;1757,78;1752,66;1745,22;1803,39;1876,63;1922,95;1933,60;1954,50;1971,17;1966,75;1927,07;10.05.2022;1855,79;;;;;;;
11.05.2022;1864,83;1857,98;1838,95;;1783,70;1785,34;1848,46;1929,28;1949,13;1939,10;1881,51;1761,09;1595,87;1463,18;1587,38;1523,84;1585,33;1530,70;1717,00;1794,96;1858,28;1929,28;1940,74;1943,09;1916,60;11.05.2022;1784,40;;;;;;;
12.05.2022;1743,52;1558,42;1471,94;;1528,17;1565,56;1716,63;1801,08;1862,92;1855,99;1799,76;1733,13;1463,68;1035,11;866,11;865,29;1038,07;1592,65;1672,72;1732,32;1791,51;1819,42;1857,01;1854,87;1834,80;12.05.2022;1585,86;;;;;;;
13.05.2022;1825,08;1815,51;1802,85;;1742,55;1757,67;1781,34;1838,35;1867,58;1871,80;1852,45;1750,16;1653,22;1483,53;642,56;272,50;316,44;521,44;1275,34;1543,42;1598,37;1610,62;1585,71;1544,45;1509,77;13.05.2022;1477,61;;;;;;;
14.05.2022;1514,14;1510,56;1484,02;;1324,65;1535,17;1570,70;1648,08;1699,23;1699,03;1688,00;1333,13;942,52;805,51;211,84;66,16;773,96;1469,01;1663,19;1725,57;1792,34;1825,42;1837,16;1834,40;1827,97;14.05.2022;1407,57;;;;;;;
15.05.2022;1842,60;1824,16;1799,00;;1750,61;1683,37;1680,62;1643,64;1627,34;1586,49;1205,68;1009,06;946,21;788,51;476,77;244,40;919,72;1410,55;1633,96;1658,00;1757,94;1792,88;1807,45;1802,56;1794,11;15.05.2022;1445,23;;;;;;;
16.05.2022;1752,44;1691,93;1673,08;;1680,52;1709,35;1758,14;1808,67;1834,65;1873,26;1867,05;1868,07;1869,60;1833,33;1803,58;1830,07;1838,63;1819,47;1810,92;1826,91;1833,94;1825,38;1816,21;1810,61;1764,05;16.05.2022;1799,99;;;;;;;
17.05.2022;1825,67;1821,78;1812,58;;1808,90;1808,39;1807,26;1796,22;1796,63;1839,99;1891,22;1921,18;1888,97;1880,07;1879,66;1869,84;1851,13;1830,99;1821,58;1841,52;1811,97;1813,50;1808,70;1815,04;1802,05;17.05.2022;1835,20;;;;;;;
18.05.2022;1770,99;1738,94;1719,08;;1696,45;1715,60;1731,26;1775,81;1831,00;1879,02;1825,77;1777,65;1749,08;1768,02;1760,04;1753,28;1786,76;1869,09;1951,00;2063,73;2076,84;1998,31;1927,55;1897,65;1867,45;18.05.2022;1830,43;;;;;;;
19.05.2022;1862,09;1831,62;1785,08;;1750,42;1767,39;1830,29;1890,93;2280,16;2271,47;2213,79;2000,05;1864,75;1847,47;1828,34;1801,96;1856,67;1949,22;2052,31;2052,21;1966,41;2003,53;2004,55;1945,54;1861,27;19.05.2022;1938,23;;;;;;;
20.05.2022;1822,73;1762,02;1742,92;;1750,67;1770,18;1807,34;1890,04;1961,37;2090,31;2042,93;2044,27;2014,23;1974,69;1901,39;1857,83;1889,42;1900,67;1913,06;1922,55;1900,36;1894,89;1879,92;1841,21;1767,29;20.05.2022;1889,26;;;;;;;
21.05.2022;1729,62;1601,22;1175,18;;1002,65;971,86;951,43;1111,34;1259,34;1173,64;1286,23;1406,11;1313,94;1332,21;1073,06;1112,06;824,99;1163,38;1446,44;1616,10;1732,49;1789,45;1839,64;1878,44;1858,22;21.05.2022;1360,38;;;;;;;
22.05.2022;1833,83;1780,15;1719,30;;1697,44;1700,62;1689,64;1667,26;1659,57;1661,93;1606,30;1468,37;1464,17;1450,41;1164,19;1128,48;1415,52;1632,37;1663,47;1708,83;1815,25;1860,51;1855,89;1846,35;1767,53;22.05.2022;1635,72;;;;;;;
23.05.2022;1726,58;1659,16;1583,32;;1560,53;1592,04;1697,03;1783,64;1915,93;2169,41;2168,18;2052,11;1897,66;1856,10;1762,40;1761,37;1743,93;1755,32;1809,91;1815,87;1791,65;1762,60;1734,18;1678,66;1487,98;23.05.2022;1781,90;;;;;;;
24.05.2022;914,21;781,10;697,08;;512,03;354,94;266,72;585,08;1582,50;1675,23;1666,42;1643,57;1622,05;1559,03;1454,62;1316,49;1550,53;1613,24;1666,42;1691,01;1696,95;1698,28;1695,62;1690,39;1616,62;24.05.2022;1314,59;;;;;;;
25.05.2022;1608,97;1615,26;1611,24;;1594,14;1580,13;1607,84;1683,45;1826,65;1868,38;1833,04;1721,88;1663,78;1627,21;1459,69;1385,42;1238,41;1247,58;1525,22;1624,53;1646,57;1638,33;1601,66;1512,44;1149,81;25.05.2022;1577,98;;;;;;;
26.05.2022;989,90;798,07;600,61;;564,81;365,39;231,32;292,05;499,98;366,01;206,29;66,37;63,39;57,75;49,24;37,44;33,24;42,67;299,23;953,79;1185,62;1319,69;1354,16;1389,65;1101,61;26.05.2022;536,18;;;;;;;
27.05.2022;838,84;584,22;527,34;;511,69;735,62;817,56;998,12;1125,78;947,07;583,61;166,54;118,26;102,40;72,22;60,87;51,76;40,92;37,75;74,98;512,00;753,01;764,47;717,00;512,51;27.05.2022;485,61;;;;;;;
28.05.2022;103,03;85,27;38,80;;28,69;30,63;20,32;30,33;19,50;7,35;13,79;15,42;19,10;18,28;17,67;18,99;22,77;33,49;131,42;860,32;1277,67;1384,99;1400,51;1402,04;1346,70;28.05.2022;346,96;;;;;;;
29.05.2022;1411,29;1388,77;1384,00;;1362,90;1379,44;1389,18;1320,80;1363,01;1380,56;1421,03;1420,22;1471,55;1430,36;1354,18;1270,69;1272,92;1385,12;1521,66;1593,08;1617,43;1603,94;1566,30;1487,78;1410,48;29.05.2022;1425,28;;;;;;;
30.05.2022;1457,75;1439,19;1428,23;;1424,28;1425,39;1458,77;1644,01;1851,87;1990,44;1943,88;1939,21;1864,04;1796,38;1799,11;1795,87;1927,14;1967,82;1878,65;1943,06;1779,03;1760,46;1702,13;1664,90;1489,10;30.05.2022;1723,78;;;;;;;
31.05.2022;1716,21;1564,04;1531,74;;1526,35;1522,39;1559,87;1673,85;1795,95;2035,37;2030,90;1974,83;1908,60;1886,35;1811,89;1796,76;1754,81;1773,09;1768,01;1767,61;1716,00;1720,27;1718,75;1716,00;1564,44;31.05.2022;1743,09;;;;;;;
01.06.2022;1616,82;1589,85;1547,83;;1544,70;1551,57;1533,69;1665,71;1807,32;1894,99;2022,36;1968,73;1924,39;1857,42;1809,34;1809,34;1751,06;1745,40;1849,34;2040,54;1848,93;1815,20;1841,56;1806,21;1616,72;01.06.2022;1769,13;;;;;;;
02.06.2022;1529,98;1497,33;1491,20;;1490,30;1486,88;1491,00;1652,97;1762,19;1858,05;1792,03;1692,26;1630,86;1576,51;1498,53;1475,53;1495,92;1588,86;1669,85;1748,32;1713,16;1707,13;1708,13;1658,09;1631,07;02.06.2022;1618,59;;;;;;;
03.06.2022;1537,62;1513,93;1506,64;;1505,83;1505,73;1511,80;1628,92;1750,39;1837,65;1795,03;1703,83;1638,33;1599,77;1520,71;1518,48;1511,60;1557,05;1625,78;1680,44;1695,63;1694,41;1683,89;1635,60;1543,49;03.06.2022;1612,61;;;;;;;
04.06.2022;1484,68;1452,23;1446,97;;1443,74;1440,50;1441,92;1459,91;1485,90;1668,20;1668,70;1638,88;1480,84;1424,73;1214,12;989,76;1299,15;1429,88;1606,82;1668,80;1699,24;1760,71;1744,94;1706,21;1650,81;04.06.2022;1512,82;;;;;;;
05.06.2022;1464,08;1439,05;1427,40;;1349,69;1338,44;1259,71;1252,12;1314,83;1380,79;1442,39;1435,20;1452,43;1382,62;950,69;1027,99;1275,11;1427,20;1454,35;1478,16;1476,64;1468,64;1467,32;1465,09;1435,00;05.06.2022;1369,37;;;;;;;
06.06.2022;1047,65;920,60;831,53;;891,82;861,73;892,43;912,49;954,64;851,60;578,03;313,69;114,80;60,29;56,33;57,75;95,24;281,06;1223,24;1397,81;1420,61;1421,02;1418,69;1420,00;1318,78;06.06.2022;805,91;;;;;;;
07.06.2022;1229,52;1220,00;1216,65;;1217,26;1216,35;1218,68;1439,66;1816,16;2104,32;2071,49;1875,23;1701,88;1662,97;1659,73;1636,73;1629,84;1634,80;1701,88;1816,16;1766,11;1761,96;1752,43;1706,43;1526,49;07.06.2022;1607,61;;;;;;;
08.06.2022;1235,73;1026,70;960,84;;876,29;788,80;982,08;1412,05;1598,93;1880,53;2021,58;1880,83;1807,77;1778,30;1717,63;1651,68;1473,43;1468,04;1497,41;1500,05;1525,05;1550,97;1523,83;1467,74;1238,38;08.06.2022;1452,69;;;;;;;
09.06.2022;1298,60;1294,75;1279,64;;1271,72;1269,90;1288,16;1373,47;1535,97;1836,53;1887,75;1887,75;1861,89;1800,52;1667,33;1590,74;1562,54;1548,85;1620,67;1746,96;1767,65;1742,39;1676,97;1487,68;1392,33;09.06.2022;1570,45;;;;;;;
10.06.2022;1351,75;1334,66;1306,07;;1271,48;1271,07;1336,79;1364,77;1500,60;1773,27;1772,76;1726,88;1618,62;1558,70;1459,50;1417,58;1363,96;1351,85;1361,31;1358,47;1355,92;1353,99;1371,08;1371,08;1354,70;10.06.2022;1429,45;;;;;;;
11.06.2022;1321,18;1289,41;1239,06;;1227,08;1222,41;1224,75;1330,72;1337,63;1341,69;1270,53;841,13;757,18;654,65;503,30;44,26;392,35;644,20;1218,25;1349,71;1368,89;1372,55;1361,58;1355,90;1335,50;11.06.2022;1083,50;;;;;;;
12.06.2022;1177,09;1054,53;821,18;;802,34;722,48;704,56;1196,24;1191,33;992,59;829,27;763,02;516,57;209,90;51,40;20,48;105,16;634,11;1318,60;1387,20;1392,02;1396,52;1394,78;1389,66;1347,27;12.06.2022;892,43;;;;;;;
13.06.2022;1335,80;1303,14;1273,86;;1264,44;1263,92;1284,61;1377,58;1945,44;1455,70;1502,50;1467,58;1499,83;1429,39;1166,45;925,52;900,54;1260,03;1414,95;1451,10;1446,39;1446,08;1444,64;1433,48;1397,03;13.06.2022;1362,08;;;;;;;
14.06.2022;1321,29;1302,23;1285,85;;1280,49;1258,55;1249,90;1408,44;1475,61;1527,32;1585,21;1574,60;1601,59;1625,49;1596,13;1549,06;1594,80;1568,32;1564,10;1551,53;1546,27;1545,97;1493,22;1494,35;1450,26;14.06.2022;1477,11;;;;;;;
15.06.2022;1402,21;1384,54;1370,82;;1369,88;1369,15;1370,82;1531,53;1762,20;1870,31;1870,62;1851,49;1766,56;1720,10;1734,65;1698,37;1698,79;1731,95;1684,55;1626,64;1559,39;1472,38;1413,44;1392,54;1383,71;15.06.2022;1584,86;;;;;;;
16.06.2022;1390,00;1359,61;1348,99;;1346,81;1345,56;1349,83;1499,61;2315,88;2471,07;2150,79;1886,82;1701,65;1592,15;1320,58;1319,95;1390,52;1483,89;1719,65;1977,07;2050,55;2081,68;1998,30;1772,64;1499,09;16.06.2022;1682,20;;;;;;;
17.06.2022;1491,93;1478,21;1464,38;;1463,02;1461,24;1478,42;1842,47;2094,25;2462,28;2404,16;2224,85;2041,25;1893,27;1850,53;1823,62;1831,58;1834,61;1780,57;1725,17;1530,89;1479,88;1466,27;1463,13;1459,15;17.06.2022;1751,88;;;;;;;
18.06.2022;1523,13;1517,17;1499,39;;1491,03;1481,82;1493,43;1519,88;1521,45;1534,00;1546,44;1543,10;1473,67;1239,35;867,43;1021,45;1470,01;1540,17;1537,66;1542,89;1540,48;1537,87;1533,79;1529,09;1534,94;18.06.2022;1459,99;;;;;;;
19.06.2022;1549,75;1546,92;1545,24;;1506,17;1263,26;1162,28;1178,94;1032,50;948,28;1019,09;1017,84;1029,05;892,35;948,49;1320,14;1498,00;1551,32;1569,02;1572,06;1578,03;1572,16;1571,64;1571,75;1571,33;19.06.2022;1333,98;;;;;;;
20.06.2022;1558,02;1553,62;1550,90;;1550,38;1546,29;1586,62;1587,04;1736,10;1821,57;1846,29;1879,50;2098,21;2102,71;2170,80;1959,94;1875,72;1832,67;1748,98;1739,55;1617,83;1603,80;1646,54;1695,35;1631,56;20.06.2022;1747,50;;;;;;;
21.06.2022;1555,47;1452,32;1402,41;;1397,10;1358,44;1505,14;1657,47;1829,80;1865,33;1861,89;1865,12;1865,96;1865,75;1865,64;1841,99;1865,85;1872,52;1865,64;1865,64;1859,39;1756,66;1601,31;1570,89;1564,01;21.06.2022;1708,82;;;;;;;
22.06.2022;1553,71;1542,11;1540,04;;1538,18;1534,14;1538,70;1645,46;1802,13;1811,87;1804,83;1811,35;1808,87;1796,34;1773,86;1771,69;1795,51;1781,84;1754,71;1794,78;1749,74;1666,79;1712,66;1645,56;1639,87;22.06.2022;1700,61;;;;;;;
23.06.2022;1556,75;1509,29;1504,67;;1365,95;1311,45;1501,83;1576,18;1600,96;1604,11;1602,53;1605,05;1605,68;1605,79;1611,56;1617,55;1615,34;1604,74;1603,90;1603,58;1603,58;1603,58;1601,80;1598,12;1575,76;23.06.2022;1566,24;;;;;;;
24.06.2022;1430,29;1345,59;1292,44;;1256,48;1231,53;1268,75;1437,21;1519,92;1538,05;1540,57;1542,46;1539,62;1537,53;1533,02;1530,82;1518,87;1603,05;1648,33;1606,93;1593,93;1569,82;1670,66;1596,02;1570,86;24.06.2022;1496,78;;;;;;;
25.06.2022;1585,62;1537,65;1499,90;;1484,99;1466,74;1469,34;1489,58;1511,16;1551,52;1588,54;1592,71;1592,71;1591,77;1590,10;1589,48;1588,44;1590,00;1587,60;1586,66;1585,52;1585,62;1587,18;1557,15;1531,91;25.06.2022;1555,91;;;;;;;
26.06.2022;1536,71;1532,24;1529,12;;1501,35;1472,65;1459,44;1520,17;1532,03;1527,97;1239,39;1054,08;987,94;863,35;832,15;856,59;1441,45;1548,04;1559,69;1587,56;1610,54;1576,74;1563,75;1552,51;1537,64;26.06.2022;1392,63;;;;;;;
27.06.2022;1551,99;1540,56;1535,36;;1533,90;1532,44;1534,32;1554,07;1660,36;1800,85;1808,03;1821,54;1797,94;1791,49;1724,73;1701,33;1655,78;1656,40;1630,30;1574,35;1569,67;1755,61;1651,52;1560,52;1560,11;27.06.2022;1645,97;;;;;;;
28.06.2022;1476,28;1465,56;1416,44;;1396,35;1392,50;1416,65;1541,73;1601,99;1628,21;1652,67;1663,60;1664,01;1664,84;1697,11;1684,41;1626,76;1602,20;1601,78;1577,53;1566,19;1580,45;1583,36;1542,57;1495,01;28.06.2022;1564,09;;;;;;;
29.06.2022;1484,54;1464,04;1448,31;;1438,48;1427,40;1407,83;1538,89;1622,53;1681,33;1826,46;1968,17;1660,62;1636,92;1667,87;1635,36;1627,19;1619,53;1619,53;1617,87;1608,66;1614,76;1623,46;1608,04;1532,16;29.06.2022;1599,16;;;;;;;
30.06.2022;1562,77;1556,16;1552,44;;1550,48;1545,22;1558,33;1708,74;1722,58;1755,51;2034,04;1969,41;1762,63;1756,44;1733,52;1745,91;1734,76;1734,14;1730,63;1717,52;1713,28;1708,64;1709,67;1680,56;1635,76;30.06.2022;1703,30;;;;;;;
01.07.2022;1636,58;1610,63;1606,18;;1603,60;1586,84;1587,15;1674,74;1858,40;1910,00;1893,87;1882,70;1893,66;1852,09;1858,30;1860,26;1701,84;1853,54;1854,47;1798,22;1746,72;1696,56;1673,40;1642,06;1611,56;01.07.2022;1745,56;;;;;;;
02.07.2022;1677,87;1663,55;1642,69;;1637,29;1633,56;1633,25;1636,57;1642,17;1639,47;1638,23;1569,94;1346,70;1245,09;1255,99;1399,84;1544,82;1634,59;1636,15;1643,52;1638,95;1635,74;1633,76;1635,43;1633,66;02.07.2022;1579,12;;;;;;;
03.07.2022;1651,40;1623,58;1606,42;;1600,52;1596,80;1595,35;1601,76;1604,14;1612,41;1598,25;1494,23;1115,06;993,36;731,55;804,04;1370,15;1643,12;1661,22;1666,49;1668,56;1687,69;1684,07;1668,97;1661,22;03.07.2022;1497,52;;;;;;;
04.07.2022;1645,91;1636,40;1631,96;;1630,61;1629,47;1636,30;1647,67;1640,33;1661,63;1670,21;1678,59;1674,97;1684,69;1683,97;1672,80;1665,46;1638,68;1682,41;1683,24;1671,25;1639,50;1634,23;1619,44;1597,94;04.07.2022;1652,40;;;;;;;
05.07.2022;1695,30;1689,63;1684,27;;1680,86;1676,74;1688,39;1668,59;1505,78;1684,27;1665,71;1691,17;1685,50;1683,03;1686,95;1690,97;1672,41;1679,93;1678,59;1672,61;1691,69;1673,64;1669,83;1654,57;1510,31;05.07.2022;1665,86;;;;;;;
06.07.2022;1678,25;1481,47;1435,99;;1415,57;1399,55;1410,13;1616,46;1707,51;1756,27;1756,37;1775,67;1758,12;1736,76;1726,81;1714,69;1675,38;1750,11;1763,45;1758,01;1767,66;1758,94;1755,04;1733,89;1722,08;06.07.2022;1668,92;;;;;;;
07.07.2022;1647,24;1635,81;1579,90;;1447,71;1440,60;1556,02;1693,47;1718,80;1740,93;1737,23;1738,05;1739,18;1727,14;1716,12;1705,21;1637,77;1596,07;1726,72;1724,36;1721,16;1715,40;1704,69;1658,05;1637,66;07.07.2022;1664,39;;;;;;;
08.07.2022;1625,79;1576,66;1560,29;;1551,33;1498,90;1554,52;1622,91;1719,73;1748,46;1748,87;1751,65;1746,71;1742,69;1684,81;1628,88;1641,24;1710,87;1739,50;1742,59;1726,52;1648,76;1677,19;1647,73;1647,32;08.07.2022;1664,33;;;;;;;
09.07.2022;1659,52;1632,13;1620,54;;1591,50;1498,04;1395,96;1353,80;1497,53;1537,85;1469,42;1103,88;1095,88;990,32;787,18;232,27;126,39;169,69;531,94;923,53;974,41;1034,74;971,03;1159,90;819,60;09.07.2022;1090,71;;;;;;;
10.07.2022;794,38;508,03;515,34;;323,34;652,13;603,31;697,04;431,49;378,55;309,12;309,84;512,66;236,19;245,36;245,26;811,79;1293,76;1529,95;1543,55;1659,84;1678,69;1652,63;1652,53;1648,00;10.07.2022;843,03;;;;;;;
11.07.2022;1559,41;1547,26;1540,56;;1537,68;1537,57;1547,98;1624,30;1775,83;1956,50;1990,70;1956,09;1930,54;1923,74;1892,43;1854,11;1853,80;1906,13;1940,64;1924,77;1918,39;1879,45;1861,32;1833,41;1774,90;11.07.2022;1794,48;;;;;;;
12.07.2022;1922,46;1908,05;1874,80;;1841,45;1807,78;1869,86;1916,38;1945,72;1948,19;1932,85;1938,10;1929,05;1921,43;1916,18;1916,28;1911,96;1913,50;1794,81;1839,90;1853,28;1921,94;1836,20;1752,51;1722,35;12.07.2022;1880,63;;;;;;;
13.07.2022;1822,31;1808,74;1801,54;;1778,82;1799,59;1809,05;1838,76;1932,74;1939,32;1942,00;1932,02;1903,13;1830,95;1809,66;1759,08;1560,42;1562,48;1598,26;1801,95;1827,25;1864,67;1812,44;1810,07;1807,40;13.07.2022;1806,36;;;;;;;
14.07.2022;1711,77;1692,08;1685,51;;1680,90;1677,41;1682,44;1705,20;1733,51;1710,95;1743,15;1763,15;1790,12;1802,32;1800,27;1721,20;1692,08;1681,51;1689,82;1709,41;1723,66;1752,79;1726,23;1724,38;1699,87;14.07.2022;1720,82;;;;;;;
15.07.2022;1548,47;1402,50;1395,74;;1396,15;1425,67;1424,54;1744,26;1714,84;1708,18;1713,10;1661,33;1661,43;1690,44;1706,43;1703,46;1705,10;1711,15;1708,07;1711,46;1699,16;1695,26;1687,06;1643,70;1620,12;15.07.2022;1628,23;;;;;;;
16.07.2022;1700,26;1687,32;1676,53;;1670,37;1589,51;1540,82;1558,38;1643,96;1420,41;556,51;376,73;306,56;110,95;20,24;19,83;17,77;10,89;566,58;1693,07;1734,37;1728,51;1719,37;1716,90;1715,47;16.07.2022;1115,89;;;;;;;
17.07.2022;1645,87;1636,21;1624,70;;1614,73;1624,90;1628,60;1661,50;1665,72;1661,19;1617,60;1331,50;1231,58;953,39;906,72;1249,36;1566,10;1653,79;1654,61;1659,34;1647,62;1645,57;1641,56;1594,27;1616,06;17.07.2022;1530,52;;;;;;;
18.07.2022;1629,94;1617,19;1609,89;;1606,50;1604,14;1614,21;1652,25;1653,28;1641,87;1647,01;1649,47;1648,44;1634,46;1645,77;1650,19;1650,71;1647,21;1645,67;1645,36;1645,05;1645,46;1645,77;1622,95;1618,22;18.07.2022;1636,29;;;;;;;
19.07.2022;1607,46;1606,53;1608,07;;1600,69;1594,12;1597,92;1660,91;1669,53;1706,57;1705,65;1699,80;1687,59;1675,59;1668,92;1661,43;1650,24;1660,91;1677,84;1684,72;1680,72;1670,25;1650,45;1619,36;1571,85;19.07.2022;1650,71;;;;;;;
20.07.2022;1634,40;1633,28;1630,63;;1622,69;1606,90;1568,19;1631,34;1638,07;1683,70;1691,55;1684,21;1688,69;1694,50;1699,19;1694,70;1691,14;1690,93;1675,35;1668,63;1661,29;1670,56;1662,72;1653,45;1634,91;20.07.2022;1658,79;;;;;;;
21.07.2022;1643,21;1645,64;1646,15;;1644,53;1641,99;1648,79;1718,60;1784,75;2231,50;2223,99;2225,81;2229,16;2369,89;2362,89;2089,34;1900,42;1888,04;1901,43;2019,64;2019,13;1900,93;1914,32;1812,04;1668,37;21.07.2022;1922,11;;;;;;;
22.07.2022;1685,95;1675,17;1667,24;;1664,09;1661,34;1667,44;1672,94;1679,14;1741,08;1844,73;2024,24;2024,65;2014,89;1949,18;1823,57;1823,57;1776,48;1905,85;1905,85;1723,69;1682,60;1670,70;1663,48;1664,49;22.07.2022;1775,52;;;;;;;
23.07.2022;1715,47;1706,02;1702,88;;1688,55;1673,73;1686,93;1670,07;1650,06;1663,77;1698,31;1709,78;1711,20;1712,83;1704,70;1700,03;1687,64;1660,52;1670,78;1709,88;1713,84;1710,90;1686,73;1675,55;1674,94;23.07.2022;1691,05;;;;;;;
24.07.2022;1758,90;1753,43;1751,70;;1750,59;1733,65;1740,95;1726,04;1723,50;1708,19;1655,74;1524,59;1018,12;727,50;612,17;508,09;894,06;1527,02;1742,78;1717,42;1717,72;1711,94;1705,45;1704,53;1697,23;24.07.2022;1504,64;;;;;;;
25.07.2022;1737,50;1735,98;1729,99;;1723,40;1706,87;1579,26;1650,27;1803,54;1768,54;1767,02;1764,18;1764,28;1757,18;1725,23;1719,24;1714,98;1712,14;1709,81;1713,66;1710,52;1705,75;1713,56;1712,55;1706,87;25.07.2022;1722,18;;;;;;;
26.07.2022;1639,12;1676,61;1659,88;;1644,76;1639,22;1582,99;1761,66;1796,03;1786,86;1783,13;1785,14;1658,57;1319,06;1270,78;1232,89;1198,43;1221,81;1281,87;1378,51;1538,44;1764,69;1510,63;1507,51;1360,07;26.07.2022;1541,61;;;;;;;
27.07.2022;1540,84;1396,80;1374,69;;1376,59;1398,30;1358,98;1730,79;1692,08;1730,49;1731,09;1731,89;1899,94;1899,74;1900,54;1900,54;1899,94;1899,74;1902,84;1911,14;1908,34;1751,00;1816,71;1732,19;1731,19;27.07.2022;1717,35;;;;;;;
28.07.2022;2015,53;2013,33;1986,54;;1959,44;1889,31;1947,39;2035,35;2022,80;1992,91;2057,86;2091,24;2091,84;2091,74;1964,42;2034,75;1993,31;2049,50;2136,76;2201,32;2201,22;2140,95;2120,23;2064,64;2020,91;28.07.2022;2046,80;;;;;;;
29.07.2022;2076,50;2055,76;2053,59;;2051,02;2048,65;2050,92;2048,94;2106,44;2145,06;2134,79;2122,64;2114,63;2117,01;2097,64;2106,63;2101,10;2103,97;2134,19;2168,77;2127,08;2078,38;2051,41;2049,83;2050,53;29.07.2022;2091,48;;;;;;;
30.07.2022;2109,73;2103,20;2099,54;;2097,56;2085,30;2077,78;2078,67;2072,24;2098,55;2102,60;2106,46;2107,35;2105,67;2103,59;2101,81;2101,12;2102,51;2104,38;2114,37;2110,32;2099,84;2099,04;2098,75;2100,73;30.07.2022;2099,21;;;;;;;
31.07.2022;2139,17;2136,70;2132,93;;2130,86;2128,58;2121,16;2097,50;2097,31;2128,18;2128,98;2137,69;2141,05;2142,93;2143,23;2088,70;2143,23;2139,27;2138,97;2150,65;2157,48;2141,35;2139,76;2138,58;2138,58;31.07.2022;2132,62;;;;;;;
01.08.2022;2186,28;2166,98;2162,33;;2160,15;2158,86;2166,58;2176,18;2164,01;2203,20;2249,81;2299,20;2256,25;2254,96;2240,12;2211,91;2162,43;2164,60;2227,45;2209,83;2187,66;2186,67;2186,77;2185,49;2172,13;01.08.2022;2197,49;;;;;;;
02.08.2022;2481,08;2301,38;2272,72;;2266,19;2263,82;2290,31;2471,30;2360,49;2619,46;2707,53;2668,88;2403,69;2249,59;2155,88;1900,18;1958,59;2195,13;2300,99;2471,89;2361,18;2330,84;2343,49;2301,78;2253,94;02.08.2022;2330,43;;;;;;;
03.08.2022;2461,95;2460,86;2460,76;;2443,00;2398,64;2386,84;2391,60;2374,14;2738,29;2666,95;2339,21;1834,26;2072,30;1831,58;2202,87;2345,46;2350,32;2361,34;2373,94;2369,17;2367,59;2420,57;2407,97;2371,06;03.08.2022;2351,28;;;;;;;
04.08.2022;2328,94;2301,33;2295,79;;2292,92;2291,74;2303,61;2340,31;2398,00;2448,46;2472,70;2473,09;2472,79;2375,24;2332,80;2309,74;2369,70;2472,99;2473,39;2473,09;2475,96;2477,74;2473,29;2435,10;2349,52;04.08.2022;2393,26;;;;;;;
05.08.2022;2312,60;2273,94;2271,27;;2270,48;2270,87;2286,00;2335,83;2349,47;2361,54;2369,05;2388,82;2363,71;2366,58;2364,60;2362,92;2340,67;2348,39;2352,93;2350,76;2352,84;2349,67;2357,19;2356,20;2340,48;05.08.2022;2337,37;;;;;;;
06.08.2022;2283,93;2289,92;2266,95;;2253,77;2245,08;2242,88;2268,45;2270,44;2297,91;2277,83;2209,92;1859,38;1421,35;1421,85;1305,20;1395,88;1864,87;2297,21;2360,63;2359,83;2355,83;2348,54;2351,44;2337,56;06.08.2022;2107,78;;;;;;;
07.08.2022;2437,55;2326,09;2239,88;;2052,34;1993,38;2040,71;2038,42;2051,25;1613,53;1447,48;1037,90;1336,91;1924,87;2208,26;2175,34;1803,66;1715,65;2249,12;2476,53;2629,56;2783,19;2762,11;2741,83;2517,80;07.08.2022;2108,47;;;;;;;
08.08.2022;2437,36;2376,70;2364,77;;2350,35;2360,00;2379,58;2662,68;2907,78;3330,58;3082,69;2987,13;2958,69;2831,82;2803,97;2793,83;2813,22;2861,65;2862,14;2756,14;2734,67;2734,47;2870,79;2710,60;2442,23;08.08.2022;2725,58;;;;;;;
09.08.2022;2638,65;2595,63;2584,77;;2528,80;2540,05;2590,65;2594,93;2733,76;2938,83;3056,25;3014,22;2745,42;2698,11;2578,89;2595,83;2594,33;2718,33;2738,74;2725,50;2733,56;2617,04;2618,93;2610,17;2594,73;09.08.2022;2682,76;;;;;;;
10.08.2022;2529,86;2511,96;2509,08;;2508,19;2508,58;2504,91;2555,80;2636,40;2696,24;2832,21;2915,60;2831,71;2725,66;2519,82;2529,36;2618,32;2615,73;2616,92;2616,82;2609,37;2605,39;2614,34;2590,39;2555,60;10.08.2022;2614,93;;;;;;;
11.08.2022;2495,59;2469,22;2458,02;;2457,23;2457,03;2466,05;2540,49;2589,75;2585,89;2573,89;2575,97;2601,65;2597,98;2584,30;2626,63;2592,43;2586,09;2616,61;2599,96;2587,27;2554,66;2559,32;2543,86;2641,00;11.08.2022;2556,70;;;;;;;
12.08.2022;2601,40;2531,19;2498,78;;2486,80;2505,56;2552,69;2601,60;3084,05;3390,24;3477,83;3448,37;3160,35;2888,63;2847,10;2823,13;2552,89;2601,50;2582,15;2544,64;2585,59;2534,82;2592,96;2553,09;2435,05;12.08.2022;2745,02;;;;;;;
13.08.2022;2669,80;2545,58;2534,18;;2527,30;2526,22;2532,41;2497,62;2491,62;2486,31;2542,63;2596,78;2633,73;2490,44;2327,70;2480,12;2508,03;2531,52;2603,95;2610,54;2603,46;2549,90;2691,91;2590,39;2605,33;13.08.2022;2549,06;;;;;;;
14.08.2022;2651,46;2615,07;2599,63;;2584,68;2578,48;2589,00;2574,94;2458,87;2549,76;2458,97;2566,48;2454,94;2345,16;2342,02;2348,11;2362,18;2574,05;2696,81;2697,11;2679,30;2642,02;2629,14;2581,14;2637,20;14.08.2022;2550,69;;;;;;;
15.08.2022;2900,52;2777,66;2744,32;;2729,47;2730,45;2777,76;2760,94;2753,37;2808,06;2753,57;2722,09;2752,09;2739,70;2739,79;2799,89;2753,86;2757,01;2776,68;2778,25;2753,66;2754,06;2752,39;2750,61;2776,68;15.08.2022;2764,29;;;;;;;
16.08.2022;2906,95;2768,38;2727,49;;2697,47;2670,51;2717,91;2666,56;2726,01;3357,52;3436,23;3357,91;3357,52;3258,26;2991,00;3258,36;3110,21;3126,31;3456,28;3258,95;2962,85;2726,70;2961,96;4688,77;4581,81;16.08.2022;3157,16;;;;;;;
17.08.2022;2944,36;2847,64;2804,50;;2804,11;2749,84;2777,12;2755,45;2799,67;3200,04;3200,72;3460,44;3545,44;3200,72;3102,04;3011,03;3124,79;3003,45;3003,45;2950,56;2848,03;2804,20;2848,23;2848,03;2848,13;17.08.2022;2978,42;;;;;;;
18.08.2022;2908,57;2853,50;2844,32;;2832,97;2834,75;2893,07;3126,18;3306,68;3736,57;4440,82;3749,30;4194,29;4193,30;3648,54;3624,06;3552,52;3282,70;3351,78;3342,11;3332,04;3340,83;3416,62;3306,29;3258,52;18.08.2022;3390,43;;;;;;;
19.08.2022;3340,78;3282,95;3257,58;;3317,28;3319,74;3421,23;3539,25;3676,64;4383,27;3893,79;3777,65;3876,39;4191,30;4662,48;4403,73;3539,84;3894,29;3557,54;3540,04;3531,09;3531,58;3521,15;3483,98;3461,46;19.08.2022;3683,54;;;;;;;
20.08.2022;3650,36;3583,67;3529,70;;3516,10;3506,84;3526,35;3520,24;3575,01;3595,99;3703,25;3876,62;3833,18;3694,69;3543,88;3439,67;3411,79;3447,84;3560,33;3515,12;3503,10;3520,34;3644,84;3596,18;3613,72;20.08.2022;3579,53;;;;;;;
21.08.2022;3660,49;3630,01;3577,50;;3296,50;3083,72;3093,95;3487,05;3331,99;3349,39;3219,21;2582,57;1794,80;1918,29;1622,44;1708,96;3245,07;3598,94;3659,01;3667,67;3670,42;3672,19;3677,11;3681,24;3676,52;21.08.2022;3162,71;;;;;;;
22.08.2022;3636,60;3618,01;3609,46;;3604,15;3607,79;3627,35;3683,30;3980,14;4128,71;4115,43;3942,68;4027,63;4038,05;3934,32;3932,06;3932,06;3929,60;3926,75;3903,55;3913,48;4015,54;4227,52;3927,14;3825,97;22.08.2022;3878,64;;;;;;;
23.08.2022;3946,01;3881,44;3877,92;;3873,91;3876,45;3919,69;4287,11;4596,91;4890,27;4499,48;4577,83;4476,49;4476,78;4596,61;4479,03;4500,16;4531,56;4596,61;4531,17;4362,53;4377,69;4489,50;4352,94;4156,52;23.08.2022;4339,78;;;;;;;
24.08.2022;4194,30;4183,31;4148,09;;4134,76;4130,87;4184,28;4447,85;4585,33;4845,50;4719,41;4670,17;4650,23;4731,08;4670,86;4719,11;4378,19;4385,59;4401,54;4286,15;4217,56;4198,19;4451,94;4194,21;4163,17;24.08.2022;4403,82;;;;;;;
25.08.2022;4473,95;4462,88;4447,37;;4450,26;4451,51;4472,70;4718,96;4796,68;4788,49;4659,34;4622,36;4586,34;4588,17;4573,34;4568,91;4584,99;4573,63;4589,81;4549,65;4557,26;4776,84;4796,48;4526,73;4514,01;25.08.2022;4588,78;;;;;;;
26.08.2022;4628,24;4582,07;4550,99;;4531,56;4522,23;4545,70;4709,92;4809,59;5006,71;4964,19;4973,04;4809,59;4845,38;4843,84;4824,21;4803,24;4795,06;4794,68;4771,01;4760,14;4583,70;4498,27;4540,12;4512,03;26.08.2022;4716,90;;;;;;;
27.08.2022;4935,57;4864,40;4854,15;;4836,45;4835,00;4850,47;4878,13;4906,18;4976,67;5097,26;5167,95;5144,84;5144,65;4879,29;4846,80;4607,94;4854,54;5051,91;5103,74;5062,06;5028,12;5046,98;5017,10;4948,53;27.08.2022;4955,78;;;;;;;
28.08.2022;5521,12;4941,50;4703,43;;4190,27;4151,00;3994,60;4163,86;4306,33;4555,22;4264,53;3300,38;4872,02;4901,74;4901,74;4871,73;4580,84;3722,23;4800,40;4963,72;5527,07;5521,61;5558,64;5530,09;5467,53;28.08.2022;4721,32;;;;;;;
29.08.2022;5591,09;5148,77;5016,73;;4968,59;5014,20;5674,99;5845,92;5956,03;6224,50;6231,91;6181,92;5846,01;5518,69;5553,96;5457,78;5882,46;6172,17;6207,65;6171,30;6171,88;6227,52;6237,07;6221,58;6155,61;29.08.2022;5819,93;;;;;;;
30.08.2022;6474,99;6003,31;5718,93;;5718,44;5816,49;6441,16;6618,69;7279,53;7325,68;7035,73;6569,32;6335,29;5743,86;5770,15;5588,91;5993,82;6454,46;6793,68;7308,86;7820,33;7229,19;6672,75;6360,12;5788,83;30.08.2022;6452,61;;;;;;;
31.08.2022;5340,72;5258,66;5418,39;;5005,95;5427,08;5594,81;6293,54;6564,30;6866,69;6499,22;6342,03;6323,30;5579,39;5327,65;5004,29;5232,51;5621,84;6355,89;6523,52;6792,14;6577,38;6367,40;5634,62;5300,82;31.08.2022;5885,51;;;;;;;
01.09.2022;5015,63;4950,13;4949,94;;4905,78;5010,07;5684,37;5904,48;6435,09;6398,96;5952,61;5770,11;5345,98;5071,90;5033,99;5235,63;5526,49;5756,12;6151,77;6498,00;6737,16;6580,76;6275,71;5606,97;5071,20;01.09.2022;5661,20;;;;;;;
02.09.2022;4718,50;4332,41;4090,50;;3752,43;4061,36;4486,63;5333,74;5677,13;5846,71;5492,98;5147,68;4285,10;2927,83;2712,53;2731,12;3213,85;3966,42;4918,02;5525,12;5727,46;5450,18;4406,15;3558,84;2177,86;02.09.2022;4355,86;;;;;;;
03.09.2022;2382,12;2535,05;2716,05;;2587,09;2435,07;3018,39;2840,00;3821,93;4135,40;3935,14;4421,39;4536,61;4689,04;4564,29;4598,18;4310,28;3871,66;4146,83;4684,82;5314,78;5131,17;4431,22;3950,18;3308,70;03.09.2022;3848,56;;;;;;;
04.09.2022;2157,92;2101,44;2053,01;;2095,18;2258,56;2285,71;2161,60;2318,53;2150,17;1889,82;2982,81;2004,18;2485,99;4047,55;4043,87;3644,31;2485,29;4102,04;4420,66;5010,56;5005,99;4490,27;4188,46;3440,84;04.09.2022;3076,03;;;;;;;
05.09.2022;2757,47;2253,09;2175,82;;2282,23;2450,98;3763,94;4573,41;5036,81;5170,37;4762,55;4292,58;3858,21;4026,57;3987,58;2914,19;4026,77;4019,71;4843,40;5468,40;5797,26;5040,00;4178,12;3294,36;2308,88;05.09.2022;3886,78;;;;;;;
06.09.2022;2795,12;3054,71;2823,11;;2896,74;2936,43;3930,72;4620,37;5210,10;5401,41;4744,71;4414,37;3118,22;2613,04;2735,19;2866,47;3869,20;4722,38;4817,94;5258,52;5494,49;5410,25;5096,18;4661,95;4530,96;06.09.2022;4084,27;;;;;;;
07.09.2022;4217,63;3913,12;3743,75;;3730,19;3949,72;4022,63;4670,33;4983,95;5025,89;4946,95;4649,16;4455,65;4012,15;3977,52;4049,64;4083,57;4668,75;4994,93;5207,04;5441,30;5242,65;5021,64;4845,24;4341,19;07.09.2022;4508,11;;;;;;;
08.09.2022;4390,41;4050,56;3976,55;;3794,06;3767,34;4391,00;4598,23;4860,29;5044,67;4733,14;4656,15;4385,34;4261,76;4070,53;3972,67;4020,86;4131,92;4521,64;4672,04;4783,10;4840,82;4500,87;3916,84;3322,68;08.09.2022;4319,31;;;;;;;
09.09.2022;3100,40;2461,59;2118,71;;1994,48;2349,41;2886,16;3712,41;4190,86;4195,27;4045,46;3765,39;3415,99;3518,44;3028,75;3043,30;3013,70;3771,91;4037,73;4232,80;4544,28;4521,40;4083,39;3884,60;3887,91;09.09.2022;3491,85;;;;;;;
10.09.2022;3999,59;3697,56;3617,94;;3576,73;3576,93;3666,13;3926,25;4055,46;4226,38;4207,92;4416,66;4307,90;4118,52;3655,46;3593,49;3638,89;3940,82;4572,01;4411,27;4788,63;4787,53;4530,01;4489,20;4478,02;10.09.2022;4094,97;;;;;;;
11.09.2022;4345,61;3970,53;3970,43;;3807,07;3696,96;3805,07;3900,09;3961,63;4137,88;4146,38;4005,90;3918,67;3712,05;3448,17;2843,18;3062,40;3762,90;4260,08;4651,95;4933,81;5045,41;4845,28;4508,77;4036,87;11.09.2022;4032,38;;;;;;;
12.09.2022;3571,57;3657,89;3652,90;;3600,44;3636,31;4011,49;4545,34;4866,76;4898,14;4585,80;4176,25;3705,25;3622,62;3394,72;3474,25;3549,38;4072,84;4575,91;4903,03;4955,79;4868,36;4495,38;3751,41;3416,70;12.09.2022;4082,86;;;;;;;
13.09.2022;3491,80;3028,81;2899,18;;3030,01;3110,28;3089,24;3948,50;4442,20;4546,61;4451,67;4345,68;4420,46;3457,20;3348,10;3406,74;3549,93;3725,33;4146,14;4493,36;4688,00;4657,89;4254,33;3888,17;3332,75;13.09.2022;3823,02;;;;;;;
14.09.2022;3557,42;3195,85;3297,06;;3255,61;3370,33;3638,70;4138,01;4605,39;4789,28;4866,35;4785,37;4760,05;4608,69;4503,68;4220,90;4404,08;4472,35;4619,10;4668,75;4743,93;4741,53;4608,09;4199,68;3559,42;14.09.2022;4233,73;;;;;;;
15.09.2022;4067,44;3531,99;3300,74;;3147,18;2835,72;3811,54;3963,98;4301,72;4317,68;4332,23;4118,35;3885,69;3449,66;3153,85;3096,77;2719,23;3027,27;3648,58;4149,57;4228,37;4282,93;3972,47;3567,86;2649,12;15.09.2022;3648,33;;;;;;;
16.09.2022;1904,67;1707,78;2281,69;;1819,77;1487,33;2206,28;3693,61;4244,27;4184,74;4059,10;4081,04;4066,68;4111,86;4094,48;4093,17;4081,14;4042,63;2665,47;3272,63;3796,10;3650,86;2356,18;2767,66;2372,86;16.09.2022;3210,08;;;;;;;
17.09.2022;3916,60;3658,22;2475,58;;2459,44;2451,27;1991,90;866,76;2507,14;2355,17;3909,66;3964,81;3896,38;3905,16;2347,31;1874,45;1927,46;370,83;703,15;2400,21;2297,47;3436,70;3984,72;2508,57;2697,30;17.09.2022;2621,09;;;;;;;
18.09.2022;281,32;285,41;234,00;;286,54;358,84;323,51;252,34;634,63;788,14;718,09;2290,17;3634,18;853,27;2441,12;340,00;358,94;1633,01;863,82;1928,77;2133,99;2268,87;1931,43;1579,96;1197,16;18.09.2022;1150,73;;;;;;;
19.09.2022;885,94;1025,42;973,70;;917,79;1039,24;1842,95;3592,19;4083,76;4151,76;3751,85;3478,62;2489,76;2302,76;2425,55;2431,18;2276,55;2634,16;3699,01;4070,85;4386,68;4196,51;3906,08;3621,58;3129,20;19.09.2022;2804,71;;;;;;;
20.09.2022;2772,84;2749,54;2911,20;;2780,33;2755,18;3100,38;3684,22;4211,61;4383,95;4228,23;3894,13;3741,19;3751,66;3751,35;3730,61;3740,78;3796,82;4225,77;4665,30;4980,00;4926,53;4306,86;3984,66;3631,36;20.09.2022;3779,35;;;;;;;
21.09.2022;3464,88;3175,45;3168,46;;3168,77;3151,00;3685,60;4280,49;5019,48;5134,52;4386,69;3796,22;3409,01;3162,61;3203,80;3300,55;3595,22;3938,16;4177,58;4677,67;4849,70;4573,83;4138,55;3789,13;3694,95;21.09.2022;3872,60;;;;;;;
22.09.2022;3840,51;3588,57;3489,91;;3287,46;3386,84;3831,68;4205,98;4821,45;4877,09;3982,08;3607,36;3188,91;3118,68;2990,46;3275,86;3644,52;3805,19;4197,57;4199,11;4168,00;4151,98;3942,96;3900,46;3775,01;22.09.2022;3803,24;;;;;;;
23.09.2022;3497,67;3176,95;3101,04;;2981,09;3085,30;3534,76;3681,38;3943,45;4091,70;3827,08;3700,07;3578,59;3494,71;3372,82;3425,95;3487,56;3684,34;3724,39;3851,39;3943,14;3943,14;3784,47;3751,77;3587,48;23.09.2022;3593,76;;;;;;;
24.09.2022;3641,81;3549,51;3128,94;;3066,14;3056,79;3137,98;3517,34;3623,31;3691,56;3736,27;3684,26;3620,12;3500,28;3163,99;3171,49;3389,49;3563,49;3696,39;3897,22;4036,18;3938,74;3700,40;3561,13;3339,84;24.09.2022;3517,19;;;;;;;
25.09.2022;3399,88;3227,24;2951,73;;2776,91;2074,03;2108,14;2463,56;2559,40;2973,75;3110,94;3099,67;3316,56;2843,08;2542,75;2408,67;2718,50;3243,37;3552,37;3630,11;3696,69;3744,66;3663,40;3530,66;2970,44;25.09.2022;3025,27;;;;;;;
26.09.2022;2571,80;1876,26;1621,42;;1290,81;1045,70;1663,50;2686,04;3368,97;3411,46;3129,34;2765,54;2315,42;2156,01;2067,93;1642,20;2394,09;3022,44;3181,03;3360,08;3430,17;3487,14;3355,43;3014,17;2900,56;26.09.2022;2573,23;;;;;;;
27.09.2022;3069,76;2451,83;1810,00;;1612,82;2143,28;3017,70;3145,94;3318,38;3403,88;3387,42;3386,28;3356,88;3308,65;3143,66;3077,01;3221,08;3266,42;3337,84;3414,33;3444,35;3469,50;3378,31;3273,15;3213,22;27.09.2022;3068,82;;;;;;;
28.09.2022;3070,55;2763,52;2464,45;;2434,87;2743,35;3066,83;3121,12;3126,19;3248,11;3331,47;3280,28;3239,53;3255,87;3288,34;3302,41;3297,13;3200,96;3154,42;3200,65;3207,06;3166,62;3121,33;2936,43;2924,64;28.09.2022;3081,09;;;;;;;
29.09.2022;3169,87;3140,03;3139,72;;3139,61;3145,58;3206,29;3265,54;3292,97;3484,42;3715,87;3778,57;3546,50;3398,80;3491,86;3408,01;3557,49;3716,81;3781,50;3826,51;3767,79;3739,00;3592,66;3396,91;3355,36;29.09.2022;3460,74;;;;;;;
30.09.2022;3415,41;3245,47;3221,18;;3208,61;3207,98;3213,01;3276,99;3555,30;3708,81;3652,58;3543,58;3312,90;2921,50;2640,77;2094,50;2045,60;2258,58;3077,62;2931,23;3162,75;3064,95;2015,03;1768,54;991,60;30.09.2022;2897,27;;;;;;;
01.10.2022;834,28;692,02;544,17;;233,80;184,03;174,22;170,32;259,53;489,01;796,00;1195,48;1162,05;979,50;805,81;720,07;728,09;759,94;1499,73;1842,68;2130,58;1961,95;1576,92;1200,23;842,93;01.10.2022;907,64;;;;;;;
02.10.2022;708,74;703,21;639,48;;680,34;649,90;653,63;652,03;1277,36;933,68;2127,62;2328,93;2332,65;2535,77;2873,60;2541,63;2245,51;1074,02;2204,12;2979,26;3316,77;3184,19;2530,77;1786,60;1653,81;02.10.2022;1775,57;;;;;;;
03.10.2022;1947,26;1799,05;1716,05;;1004,54;1045,51;1404,61;2127,08;3051,83;3235,69;2759,64;2127,30;1567,62;1267,14;1375,89;1543,68;1961,10;2382,88;3324,85;3670,77;3737,59;3648,63;3264,74;3190,68;2978,51;03.10.2022;2338,86;;;;;;;
04.10.2022;2117,67;1935,99;1930,37;;1739,47;1926,66;2025,61;2522,87;2992,91;3084,34;3033,27;2663,13;2234,62;1715,21;1596,35;1483,85;1526,33;1878,25;2119,15;2360,90;2120,10;1785,66;1593,07;1618,49;1416,37;04.10.2022;2059,19;;;;;;;
05.10.2022;458,42;874,34;567,75;;483,08;440,48;424,32;979,48;1565,07;1632,11;1100,35;1008,02;575,41;408,58;246,99;180,16;204,39;376,89;269,55;211,84;167,78;115,84;183,72;218,56;20,46;05.10.2022;529,73;;;;;;;
06.10.2022;10,05;4,19;0,94;;0,84;0,73;6,07;217,21;536,74;627,96;452,85;401,75;93,63;59,49;45,98;42,21;156,05;191,76;255,75;428,56;470,34;466,05;429,50;379,02;279,11;06.10.2022;231,53;;;;;;;
07.10.2022;177,19;50,69;14,08;;4,69;1,04;8,45;62,05;521,46;534,60;506,97;416,23;220,58;146,64;147,57;209,94;193,36;248,42;353,66;542,01;520,94;406,32;520,84;533,87;520,52;07.10.2022;285,92;;;;;;;
08.10.2022;468,27;472,25;489,65;;491,54;491,22;494,89;500,97;642,56;714,46;714,77;550,12;479,17;383,27;366,82;313,79;313,47;439,24;475,92;549,81;500,03;483,47;487,97;600,22;657,97;08.10.2022;503,41;;;;;;;
09.10.2022;1018,38;1014,51;1022,35;;1027,05;1027,67;1022,35;1027,15;940,98;985,89;1044,28;1012,63;915,91;608,21;522,24;571,86;841,96;1005,74;1033,42;1039,27;1043,03;1005,63;961,45;940,04;627,22;09.10.2022;927,47;;;;;;;
10.10.2022;723,73;717,36;695,53;;717,56;816,37;1025,79;1334,44;1625,64;1737,72;1788,27;1670,24;1614,68;1361,39;1329,43;1330,37;1413,40;1604,86;1655,62;1686,22;1626,79;1605,17;1601,73;1576,03;1263,10;10.10.2022;1355,06;;;;;;;
11.10.2022;1252,14;1199,37;1114,63;;1135,74;1241,79;1354,67;1626,58;1831,33;1897,55;2100,76;2178,46;2149,49;1874,38;1840,23;1823,88;1817,06;1856,89;1897,55;1942,87;1893,41;1855,65;1839,09;1691,66;1582,60;11.10.2022;1708,24;;;;;;;
12.10.2022;1550,24;1526,34;1529,68;;1531,56;1540,64;1670,93;1884,85;2095,22;2130,29;2189,80;2335,96;2110,56;2012,74;1951,35;1926,40;1941,43;1935,17;2122,57;2139,59;2109,62;1919,51;1832,02;1722,19;1591,38;12.10.2022;1887,50;;;;;;;
13.10.2022;1793,02;1681,09;1695,38;;1765,17;1773,20;1878,66;2165,54;2511,98;2695,89;2685,98;2663,55;2649,05;2609,20;2577,60;2456,90;2363,95;2346,84;2617,34;2707,47;2681,50;2634,97;2464,83;2206,22;2005,31;13.10.2022;2317,94;;;;;;;
14.10.2022;2088,34;1972,86;1972,76;;2003,18;1975,46;1992,28;2002,77;2282,94;2314,82;2671,43;2682,96;2585,97;2272,04;2210,25;2076,81;1881,68;2019,80;2131,85;2458,75;2484,61;2249,09;2054,79;2031,33;1888,43;14.10.2022;2179,38;;;;;;;
15.10.2022;1920,21;1738,81;1643,83;;1492,65;1442,73;1375,29;1483,98;1593,20;1864,93;1991,88;1850,19;1605,36;1538,95;1447,79;1264,12;1274,43;1417,67;1693,23;1850,80;1904,64;1579,27;1432,94;1444,59;1369,82;15.10.2022;1592,55;;;;;;;
16.10.2022;818,36;724,50;704,09;;740,86;844,16;806,13;761,90;810,38;932,53;907,04;803,65;898,86;1140,56;1179,73;1135,80;1001,43;1203,55;1310,68;1816,06;1959,75;1812,64;1501,83;1408,79;1393,98;16.10.2022;1109,05;;;;;;;
17.10.2022;1371,91;1220,75;1094,56;;928,70;892,44;1123,47;1339,38;1592,58;1831,28;1618,90;1371,91;1378,44;1253,49;1257,74;1318,04;1465,88;1736,38;1855,22;1862,05;1875,21;1905,46;1658,27;1636,30;1458,94;17.10.2022;1460,30;;;;;;;
18.10.2022;1416,51;1358,30;1404,72;;1400,48;1400,90;1441,53;1502,33;1814,58;2242,22;2041,53;1935,14;1803,52;1344,55;1432,54;1261,52;1398,21;1591,35;1890,68;2030,88;1957,58;1897,81;1663,31;1636,02;1542,13;18.10.2022;1642,01;;;;;;;
19.10.2022;1324,75;1259,93;1222,02;;1259,31;1340,43;1495,72;1629,29;1925,73;2073,23;2025,97;1889,07;1754,45;1547,44;1502,36;1444,40;1533,42;1712,49;1869,54;1835,57;1752,89;1633,55;1515,97;1491,14;1330,04;19.10.2022;1598,70;;;;;;;
20.10.2022;1284,38;1162,05;804,32;;790,08;747,99;1133,68;1516,67;1735,24;1875,13;1742,41;1739,91;1610,31;1379,89;1349,86;1351,94;1396,00;1501,91;1705,41;1789,38;1836,36;1597,63;1424,90;1336,76;1249,88;20.10.2022;1419,25;;;;;;;
21.10.2022;1329,07;1211,34;1177,05;;1140,48;1201,47;1348,71;1558,81;1798,10;1938,90;1959,57;1829,80;1791,77;1687,96;1658,76;1629,57;1597,88;1644,32;1737,32;1762,88;1615,75;1501,55;1524,52;1541,35;1444,93;21.10.2022;1567,99;;;;;;;
22.10.2022;1491,90;1342,84;1305,13;;1340,13;1342,63;1364,51;1353,36;1425,24;1467,01;1480,34;1458,47;1378,67;1345,23;1262,21;1196,38;1216,69;1414,30;1613,16;1808,06;1849,52;1651,07;1461,17;1455,65;1379,40;22.10.2022;1433,46;;;;;;;
23.10.2022;1185,07;1061,79;999,63;;961,86;985,42;946,30;1120,01;1175,63;1260,41;1228,97;1029,10;999,01;893,89;816,58;839,41;856,12;952,73;1110,15;1199,19;1236,86;1100,60;933,32;862,55;785,86;23.10.2022;1022,52;;;;;;;
24.10.2022;564,41;532,45;406,99;;268,04;406,89;559,33;731,28;1106,62;1267,05;1201,78;1127,69;1160,06;1030,45;1081,09;730,35;815,54;883,51;1141,28;1238,41;1307,42;1110,88;926,89;917,45;835,99;24.10.2022;889,66;;;;;;;
25.10.2022;610,31;542,37;605,53;;602,41;722,61;757,61;925,18;1211,58;1315,77;1310,68;1132,63;1070,92;1001,84;843,84;857,44;1036,12;1200,88;1547,85;1776,70;1842,66;1540,26;1312,86;1214,59;1162,65;25.10.2022;1089,39;;;;;;;
26.10.2022;986,88;942,94;913,26;;896,81;976,05;1089,77;1292,00;1567,01;1635,64;1515,68;1388,22;1234,83;1171,41;1207,23;1234,31;1300,74;1442,78;1444,03;1408,63;1405,19;1288,04;1117,36;995,63;911,07;26.10.2022;1223,56;;;;;;;
27.10.2022;922,48;964,64;985,05;;963,61;987,01;1097,85;1244,51;1335,46;1392,53;1352,13;1307,28;1193,55;1083,55;1014,36;1063,25;1202,77;1288,33;1248,76;1265,75;1279,42;1253,22;1283,36;1187,13;1017,16;27.10.2022;1163,88;;;;;;;
28.10.2022;911,45;914,65;911,45;;910,00;922,09;1001,89;1066,80;1186,70;1221,12;1235,80;1116,00;1053,78;1003,13;892,22;925,19;965,19;1058,94;1087,16;1178,84;1247,99;1117,76;1023,70;945,04;858,83;28.10.2022;1031,49;;;;;;;
29.10.2022;927,91;922,47;899,07;;897,94;878,55;861,92;908,82;1007,54;1142,28;1085,64;984,55;892,81;870,75;835,96;867,26;923,19;1094,26;1206,63;1391,25;1374,62;1206,22;1097,95;1036,69;971,42;29.10.2022;1011,90;;;;;;;
30.10.2022;1030,94;1009,40;1006,71;1003,41;984,24;985,68;990,94;1008,88;1099,41;1132,30;1052,60;1030,02;1031,36;1031,05;1058,16;1101,16;1253,96;1397,58;1558,53;1700,51;1646,79;1472,34;1388,30;1268,81;1091,57;30.10.2022;1173,39;;;;;;;
31.10.2022;1292,62;1189,83;1162,09;;1144,98;1149,62;1235,92;1446,77;1662,36;1675,35;1534,71;1435,11;1421,09;1421,20;1461,30;1551,83;1686,79;1722,05;1813,92;1821,34;1680,09;1471,51;1369,33;1203,95;1038,57;31.10.2022;1441,35;;;;;;;
01.11.2022;858,06;814,14;586,72;;392,79;411,56;563,21;618,06;863,42;902,39;726,62;612,49;520,94;411,56;439,29;778,89;824,76;924,87;1152,09;1254,98;1051,99;895,69;758,78;740,12;294,75;01.11.2022;724,92;;;;;;;
02.11.2022;559,49;255,40;182,66;;159,94;211,90;315,50;712,10;990,11;989,40;773,53;545,84;447,63;460,78;560,41;751,93;913,30;996,74;1417,78;1386,20;1033,00;937,45;826,40;875,20;779,03;02.11.2022;711,74;;;;;;;
03.11.2022;684,70;474,63;398,94;;411,85;434,99;527,48;778,42;893,13;860,67;920,58;934,41;1050,46;1030,69;1094,50;1095,52;1054,14;1105,46;1186,68;1097,47;982,04;953,15;945,37;983,57;860,26;03.11.2022;864,96;;;;;;;
04.11.2022;413,64;491,56;479,45;;482,87;495,70;511,12;707,33;969,67;1037,97;987,36;931,17;855,52;727,10;721,92;723,68;729,17;725,34;879,63;895,16;828,82;745,31;724,30;696,77;679,70;04.11.2022;726,68;;;;;;;
05.11.2022;433,68;428,85;402,79;;370,05;371,08;478,93;358,56;410,89;474,11;525,32;578,99;580,53;585,04;567,60;519,67;542,45;574,57;602,69;571,80;483,75;340,70;351,99;307,04;272,66;05.11.2022;463,91;;;;;;;
06.11.2022;267,07;235,40;239,81;;215,11;246,16;269,53;306,73;310,83;371,81;446,00;529,94;501,14;513,95;391,79;373,45;378,26;401,42;513,13;510,98;427,05;367,09;278,24;282,75;203,43;06.11.2022;357,54;;;;;;;
07.11.2022;156,59;130,97;60,77;;50,52;131,59;209,78;373,04;538,85;586,61;582,41;578,51;542,44;514,67;495,71;532,40;575,44;615,20;631,50;588,46;547,97;547,77;510,36;535,16;481,87;07.11.2022;438,27;;;;;;;
08.11.2022;423,53;297,60;283,38;;268,13;307,62;350,39;615,04;685,42;787,52;685,83;665,99;642,56;626,91;621,08;619,03;622,92;653,71;670,49;612,99;452,07;402,25;349,67;340,26;276,32;08.11.2022;510,86;;;;;;;
09.11.2022;334,41;270,18;187,24;;179,64;199,68;214,27;311,49;432,65;487,94;485,78;485,17;474,48;459,17;444,88;453,20;494,31;624,31;636,34;620,20;468,93;485,17;495,75;495,34;475,51;09.11.2022;425,67;;;;;;;
10.11.2022;284,94;268,52;266,04;;244,56;229,07;246,73;299,71;369,32;454,63;383,36;364,77;343,81;342,47;330,18;319,44;304,67;312,21;300,54;231,96;174,74;164,52;141,70;120,63;77,66;10.11.2022;274,01;;;;;;;
11.11.2022;9,85;3,01;0,83;;0,73;0,41;0,93;8,61;20,01;30,69;30,27;30,59;30,48;25,09;21,46;25,19;28,62;50,70;63,87;47,38;23,74;10,26;9,43;4,15;2,90;11.11.2022;19,97;;;;;;;
12.11.2022;0,82;1,85;2,26;;2,77;3,39;4,01;4,52;6,68;4,11;8,12;10,17;16,95;15,21;17,57;19,83;21,06;46,03;76,96;62,37;97,61;60,83;48,29;20,14;17,57;12.11.2022;23,71;;;;;;;
13.11.2022;106,27;119,60;134,05;;149,83;167,35;177,19;200,87;229,05;263,18;332,76;372,01;382,05;320,36;329,48;344,85;363,61;378,47;363,51;319,95;309,39;206,81;307,14;288,28;204,45;13.11.2022;265,44;;;;;;;
14.11.2022;271,78;262,36;257,03;;256,82;258,15;256,82;383,39;765,03;793,42;801,11;796,49;788,71;802,13;787,48;790,65;770,98;787,48;779,38;610,90;424,79;431,76;410,24;219,11;177,29;14.11.2022;536,80;;;;;;;
15.11.2022;287,09;260,90;222,85;;195,52;208,41;245,02;179,85;738,36;916,96;981,41;1030,29;952,23;895,62;840,86;829,31;682,67;579,13;824,77;447,96;287,09;241,51;188,61;183,97;160,97;15.11.2022;515,89;;;;;;;
16.11.2022;196,07;185,09;178,26;;177,12;179,09;191,00;234,40;296,75;354,55;299,44;323,79;338,91;305,14;292,30;306,28;304,62;325,13;517,37;414,62;258,53;263,61;251,59;244,24;208,30;16.11.2022;276,93;;;;;;;
17.11.2022;376,99;247,94;175,90;;111,12;75,25;182,85;438,04;636,54;889,97;749,21;627,73;615,81;594,14;597,15;600,57;641,20;664,11;775,12;627,73;516,61;458,36;390,05;414,20;332,11;17.11.2022;489,11;;;;;;;
18.11.2022;826,47;786,09;750,63;;731,64;830,98;895,18;1059,86;1274,06;1405,18;1373,92;1251,19;1158,25;1129,51;1112,52;1129,20;1231,89;1393,43;1548,15;1608,25;1258,53;1148,29;1152,80;1130,88;1102,24;18.11.2022;1137,05;;;;;;;
19.11.2022;1280,03;1222,03;1258,00;;1257,69;1258,11;1275,10;1293,45;1526,28;1632,52;1728,38;1796,76;1886,64;1885,28;1916,21;1920,31;1918,84;2038,19;2052,03;2049,83;1996,03;1827,17;1727,86;1628,75;1728,38;19.11.2022;1670,99;;;;;;;
20.11.2022;1791,50;1653,83;1570,79;;1500,80;1471,11;1471,43;1470,90;1483,85;1463,12;1467,22;1543,21;1595,10;1578,47;1632,89;1632,78;1695,93;1764,24;1828,76;1965,59;1811,50;1750,56;1661,41;1643,10;1632,89;20.11.2022;1628,37;;;;;;;
21.11.2022;1431,54;1431,75;1524,69;;1478,59;1578,79;1631,73;1762,56;2199,46;3069,16;3142,84;2827,08;2530,80;2220,72;2217,25;2203,15;2182,20;2308,71;2625,73;2718,46;2099,58;2094,84;1842,97;1630,26;1538,27;21.11.2022;2095,46;;;;;;;
22.11.2022;1282,75;1180,50;1049,48;;888,13;952,27;1099,77;1506,88;1886,07;2051,20;2164,37;2181,80;2284,68;2170,46;2168,46;2169,83;2290,24;2161,54;2174,03;2034,41;1902,13;1639,58;1607,98;1573,86;1443,68;22.11.2022;1744,34;;;;;;;
23.11.2022;1330,84;1292,72;1252,94;;1205,12;1189,14;1255,86;1444,13;1495,20;1628,75;1729,93;1751,44;1690,88;1649,11;1633,87;1647,13;1730,04;1714,27;1764,50;1722,10;1569,54;1461,57;1306,40;1309,22;1188,10;23.11.2022;1498,45;;;;;;;
24.11.2022;1424,30;1280,88;1228,57;;1183,95;1268,94;1544,28;1746,96;1667,47;1828,22;2046,79;1984,10;1858,11;1829,68;1795,84;1837,88;1865,79;1868,91;1941,14;1997,18;1876,38;1817,74;1815,98;1868,39;1746,24;24.11.2022;1721,82;;;;;;;
25.11.2022;1844,40;1761,56;1636,26;;1523,49;1575,58;1782,58;1812,09;1946,09;2037,53;2349,95;2341,36;2205,29;2029,14;2048,40;2059,59;2080,92;2014,85;2066,11;2282,64;2274,26;2180,02;2233,97;2027,28;1966,70;25.11.2022;2003,34;;;;;;;
26.11.2022;2122,15;2045,18;1977,49;;1876,41;1805,52;1761,63;1713,61;1876,51;1949,05;2074,65;2163,06;2143,17;2067,65;1989,34;1978,21;1919,17;2007,99;2099,59;2139,36;2029,32;1977,90;1876,72;1759,67;1692,18;26.11.2022;1960,23;;;;;;;
27.11.2022;1461,10;1368,01;1260,66;;1027,04;1027,04;1091,51;1291,55;1369,25;1399,83;1518,97;1548,00;1648,33;1609,68;1568,87;1623,53;1632,52;1712,29;1803,11;1806,21;1686,35;1574,76;1352,61;1377,93;1290,93;27.11.2022;1460,42;;;;;;;
28.11.2022;1303,12;1306,12;1278,53;;1235,55;1202,17;1240,71;1519,07;1880,50;2108,64;2136,64;2355,37;2409,41;2400,94;2400,63;2400,32;2406,42;2462,73;2507,98;2419,43;2270,75;2090,24;1964,50;1835,34;1737,29;28.11.2022;1953,02;;;;;;;
29.11.2022;2176,13;2127,04;2178,93;;2177,27;2178,83;2304,42;2550,20;3897,34;4470,17;4474,22;4480,03;4376,55;4200,21;4262,69;4484,91;4528,30;4626,90;5039,90;4886,39;4660,12;4018,88;3364,77;2990,60;2560,69;29.11.2022;3625,65;;;;;;;
30.11.2022;2772,72;2680,14;2645,84;;2611,12;2676,73;2716,82;2824,28;3835,83;3874,06;4640,73;4747,99;3865,18;3836,35;3788,51;3836,56;3824,98;4779,71;5041,64;4958,05;4647,14;3779,83;3313,42;3063,38;2744,00;30.11.2022;3646,04;;;;;;;
01.12.2022;2789,17;2749,74;2774,48;;2734,54;2705,68;2808,06;2893,60;3731,15;4127,53;4294,30;3787,32;3616,95;3613,87;3677,85;3791,22;4095,49;4113,36;4811,86;3823,77;3737,82;3770,27;3407,36;3031,52;3029,87;01.12.2022;3496,53;;;;;;;
02.12.2022;3027,72;2925,22;2967,92;;2966,28;2980,93;2996,39;2970,68;3660,67;4309,08;4004,64;4130,59;3835,47;4008,43;3722,42;3142,93;2863,67;2885,90;3589,71;3225,67;3045,34;2585,24;2845,04;2764,65;2542,64;02.12.2022;3249,88;;;;;;;
03.12.2022;2384,61;2359,17;2319,15;;2257,80;2309,41;2435,70;2505,77;2515,72;2554,30;2748,61;2964,47;3009,92;2880,86;2854,08;2870,29;2997,30;3077,53;3107,18;3016,59;2821,87;2714,35;2700,09;2637,40;2475,30;03.12.2022;2688,23;;;;;;;
04.12.2022;2376,43;2265,39;2381,48;;2170,31;2157,13;2200,80;2182,78;2304,43;2629,84;2882,93;3001,81;3060,11;3042,91;3009,74;3055,06;3073,60;3243,05;3467,82;3043,01;3014,48;2689,27;2780,85;2654,04;2473,78;04.12.2022;2715,04;;;;;;;
05.12.2022;2180,92;2078,12;1943,69;;1931,33;1886,52;2517,35;2716,16;2879,84;2886,85;3000,78;3130,98;3289,72;3237,70;3200,72;3360,07;3232,44;3289,82;3595,14;4048,38;3289,72;3168,06;3120,58;2970,18;2832,15;05.12.2022;2907,80;;;;;;;
06.12.2022;2786,05;2773,26;2759,32;;2758,50;2781,31;2846,84;3085,98;3307,88;4156,17;4595,33;4128,09;4468,07;3341,94;3678,41;4127,89;3934,27;4615,76;3584,49;4151,83;3354,02;3101,88;3089,80;3048,00;2757,15;06.12.2022;3468,01;;;;;;;
07.12.2022;2766,19;2510,79;2200,07;;2152,92;2478,38;2711,93;2947,37;3223,17;3882,96;3509,41;3301,58;3264,77;3202,78;3282,55;4133,87;4424,40;4600,04;4256,08;4052,22;3934,50;4141,61;3292,17;3068,54;2848,05;07.12.2022;3341,10;;;;;;;
08.12.2022;3123,09;2965,31;2847,97;;2850,51;2909,44;3149,38;3267,98;4084,87;4588,21;4656,54;4592,54;4566,35;4589,48;4587,36;4646,51;4676,60;4737,33;5098,51;4699,94;4646,29;4440,46;3613,75;3359,86;3068,59;08.12.2022;3990,29;;;;;;;
09.12.2022;3333,65;3127,13;3085,84;;3046,03;3102,69;3248,45;3519,43;4627,24;4850,19;4854,40;4809,96;4950,87;4899,58;4796,37;4862,09;4836,29;4846,19;5183,20;4871,57;4607,65;4490,22;3812,20;3474,56;3250,35;09.12.2022;4186,92;;;;;;;
10.12.2022;3191,09;3124,90;2975,78;;2938,57;2916,44;2938,47;3026,89;3207,00;3543,40;4041,68;4282,29;4211,36;4061,29;3843,02;3850,72;4018,50;4295,14;4594,77;4520,99;4296,52;3688,10;3331,68;3209,11;3006,55;10.12.2022;3629,76;;;;;;;
11.12.2022;3180,15;3098,05;3048,11;;2883,47;2840,09;2848,76;2972,98;2959,76;3017,53;3282,68;3354,95;3546,46;3564,98;3374,10;3375,37;3470,28;3707,39;4244,05;4409,21;4231,77;3936,78;3445,31;3327,12;3146,40;11.12.2022;3386,07;;;;;;;
12.12.2022;2964,52;2862,52;2834,69;;2804,32;2765,39;2929,81;3855,84;5305,62;5630,34;5280,65;5193,14;5112,41;5033,69;4960,15;5198,96;5504,01;5738,48;6042,04;5727,79;5219,49;5013,06;4192,31;3679,57;3217,82;12.12.2022;4461,11;;;;;;;
13.12.2022;3137,11;2950,58;2921,62;;2836,64;2891,07;3243,65;3771,24;5117,48;5867,54;5678,04;5316,59;5184,06;4954,40;5348,09;5672,02;5839,96;6066,76;7028,30;6115,70;5362,78;4643,37;3739,11;3392,88;2991,79;13.12.2022;4586,28;;;;;;;
14.12.2022;2845,97;2831,11;2812,47;;2899,77;2877,79;3155,49;3737,06;5024,33;5488,35;5790,54;5744,38;5773,17;5324,01;5228,45;5223,11;5360,86;5527,92;5984,29;5649,55;5280,16;4948,76;4023,34;3567,49;3268,96;14.12.2022;4515,31;;;;;;;
15.12.2022;3017,70;2906,63;2837,91;;2738,04;2790,67;2880,26;3181,93;3817,85;4929,22;4925,49;4773,51;4533,82;4089,52;3988,72;4577,31;4727,01;4888,95;5039,88;5038,95;4883,96;4456,48;3698,89;3385,08;3078,64;15.12.2022;3966,10;;;;;;;
16.12.2022;2985,72;2900,45;2826,41;;2765,05;2806,34;2986,35;3408,04;4634,21;5487,99;5672,05;5487,99;5461,16;4960,43;4717,61;4703,47;4687,14;4822,33;5088,86;4939,43;4713,97;3964,71;3376,84;3106,15;2818,61;16.12.2022;4138,39;;;;;;;
17.12.2022;2887,27;2660,19;2552,64;;2445,93;2401,29;2400,77;2414,74;2531,85;2541,51;2593,71;2625,74;2644,23;2633,72;2583,21;2625,43;2656,73;2802,82;2765,75;2638,45;2541,72;2427,34;2415,58;2210,88;2114,04;17.12.2022;2546,48;;;;;;;
18.12.2022;1900,63;1826,04;1839,68;;1859,40;1862,86;1832,44;1824,47;1920,35;2221,94;2264,95;2356,11;2334,82;2044,34;2354,33;2407,51;2516,19;2450,21;2407,20;2314,68;2185,02;1806,53;1765,41;1662,71;1577,32;18.12.2022;2063,96;;;;;;;
19.12.2022;1605,64;1535,77;1444,82;;1224,53;1012,52;1243,20;1839,57;2517,98;2618,05;2610,50;2610,50;2591,62;2608,93;2578,51;2616,59;2610,08;2612,28;2610,50;2610,50;2382,44;2095,22;1890,66;1796,88;1488,67;19.12.2022;2114,83;;;;;;;
20.12.2022;1429,75;1269,91;1296,06;;1029,20;1028,89;1374,61;1692,72;2097,05;2346,16;2435,01;2383,44;2422,30;2376,09;2343,43;2463,15;2433,64;2462,21;2476,70;2462,00;2415,47;2396,99;2391,84;2235,89;1997,07;20.12.2022;2052,48;;;;;;;
21.12.2022;1968,46;1888,91;1877,99;;1815,12;1806,41;1889,01;2258,56;2539,01;2564,72;2531,56;2560,00;2525,89;2430,27;2373,49;2465,85;2403,09;2359,32;2537,33;2466,38;2370,03;2216,58;2035,43;1894,15;1814,18;21.12.2022;2232,99;;;;;;;
22.12.2022;1706,96;1567,19;1508,99;;1446,61;1486,04;1682,66;1917,76;2287,73;2296,18;2312,35;2346,14;2340,62;2336,86;2261,55;2224,73;2194,48;2223,69;2234,12;2285,65;2241,94;2047,00;1941,96;1840,26;1740,23;22.12.2022;2019,65;;;;;;;
23.12.2022;1598,72;1592,17;1568,99;;1480,63;1512,65;1595,29;1761,52;1966,72;2185,86;2242,93;2267,36;2260,81;2255,51;2305,82;2275,68;2216,53;2236,80;2155,92;2132,74;2062,88;1885,12;1679,91;1612,55;1536,77;23.12.2022;1932,91;;;;;;;
24.12.2022;1495,90;1368,19;1224,15;;1128,89;1050,59;1063,67;1143,33;1193,58;1341,71;1572,63;1623,30;1599,64;1586,97;1603,41;1642,35;1716,15;1756,77;1762,11;1623,82;1517,99;1400,85;1296,38;1260,68;1196,72;24.12.2022;1423,74;;;;;;;
25.12.2022;1299,53;1212,43;1152,34;;983,58;963,27;988,71;1121,87;1058,85;1242,27;1256,92;1399,51;1502,01;1502,95;1471,65;1492,38;1445,79;1466,52;1496,67;1507,03;1502,22;1418,78;1294,09;1205,10;1081,57;25.12.2022;1294,42;;;;;;;
26.12.2022;934,27;802,35;617,68;;617,99;739,44;712,63;941,49;972,90;996,77;1045,97;1046,50;1110,57;1152,34;1216,93;1306,55;1421,92;1465,68;1535,40;1502,22;1465,16;1410,09;1368,53;1245,83;1184,06;26.12.2022;1117,22;;;;;;;
27.12.2022;1099,57;1180,92;1176,94;;1167,31;1212,64;1281,11;1379,73;1465,05;1468,51;1478,66;1490,28;1494,05;1514,05;1484,73;1502,64;1548,49;1594,24;1704,48;1765,93;1695,48;1573,41;1412,39;1187,93;1046,81;27.12.2022;1413,56;;;;;;;
28.12.2022;1061,12;980,34;943,62;;840,82;922,96;905,23;1036,26;1154,90;1286,25;1383,81;1448,74;1467,63;1467,94;1465,11;1453,99;1419,37;1472,66;1433,01;1408,98;1360,52;1259,81;1200,96;1099,20;838,30;28.12.2022;1221,31;;;;;;;
29.12.2022;720,49;523,74;309,23;;202,49;304,00;523,12;720,80;993,97;1026,69;1071,74;1144,71;1177,54;1159,03;1202,84;1183,50;1187,99;1248,94;1295,77;1322,22;1296,71;1273,61;1152,87;1086,27;978,60;29.12.2022;962,79;;;;;;;
30.12.2022;948,77;861,79;622,04;;621,09;609,18;736,22;948,03;974,60;1105,01;1181,24;1264,64;1271,59;1266,11;1264,74;1268,22;1289,62;1275,07;1198,85;1193,26;1102,27;1106,39;1118,62;852,40;18,66;30.12.2022;1004,10;;;;;;;
31.12.2022;619,03;849,20;919,93;;920,87;977,10;1021,35;1055,61;1073,48;1034,80;1183,94;1214,00;1258,98;1260,97;1289,88;1318,04;1366,18;1380,89;1376,06;1359,56;1318,36;1299,13;1272,64;1261,18;1260,97;31.12.2022;1162,17;;;;;;;
01.01.2023;1255,49;1145,12;1077,35;;971,82;869,75;837,35;817,04;697,30;851,13;986,23;1115,87;1223,51;1262,86;1285,48;1263,81;1270,12;1283,48;1285,38;1281,27;1273,28;1266,86;1258,44;1223,09;1214,77;01.01.2023;1125,70;;;;;;;
;;;;;;;;;;;;;;;;;;;;;;;;;;;;;;;;;;
;;;;;;;;;;;;;;;;;;;;;;;;;;;;;;;;;;
